RecordID,Season,Team,Conference,Bid Type,NET Rank,PrevNET,AvgOppNETRank,AvgOppNET,WL,Conf.Record,Non-ConferenceRecord,RoadWL,NETSOS,NETNonConfSOS,Quadrant1,Quadrant2,Quadrant3,Quadrant4,ORtg,DRtg,AdjT,Luck,PTS,FG%,3P%,FT%,OR,DR,REB,AST,STL,BLK,TO,PF
2025-26-Coastal Carolina,2025-26,Coastal Carolina,Sun Belt,,229,218,260,221,18-13,11-8,7-5,10-7,322,306,0-1,2-1,4-4,12-7,102.1,109.0,66.8,0.132,73.3,41.2,33.9,72.9,10.6,29.5,40.1,10.4,4.4,3.3,10.8,18.4
2025-26-Washington St.,2025-26,Washington St.,WCC,,141,143,91,135,11-20,7-12,4-8,1-11,95,151,0-4,0-10,5-3,6-3,114.3,112.0,67.8,-0.094,76.1,46.7,36.9,74.2,9.8,24.5,34.3,13.9,5.6,2.9,13.0,17.8
2025-26-Nicholls,2025-26,Nicholls,Southland,,248,249,194,196,12-18,12-10,0-8,7-12,167,46,0-2,1-6,2-4,9-6,106.1,112.3,68.2,0.044,72.4,43.6,33.4,66.7,10.5,20.6,31.1,13.2,9.0,2.7,11.9,17.8
2025-26-FGCU,2025-26,FGCU,ASUN,,246,247,270,225,14-18,10-11,4-7,3-11,273,132,0-3,0-0,2-6,12-9,105.9,112.5,67.5,-0.029,77.4,45.4,32.4,71.9,11.9,25.0,36.9,14.7,7.7,3.6,11.0,18.6
2025-26-Eastern Mich.,2025-26,Eastern Mich.,MAC,,240,240,177,189,9-21,4-14,5-7,3-14,146,140,1-2,0-5,1-8,7-6,102.2,108.6,66.5,-0.096,70.7,44.6,32.2,72.8,10.0,25.5,35.5,12.6,5.9,4.2,11.9,18.3
2025-26-Florida,2025-26,Florida,SEC,,4,4,7,84,25-6,16-2,9-4,8-2,9,22,11-5,7-1,2-0,5-0,126.5,91.2,70.8,-0.051,87.7,48.2,31.3,70.8,15.9,29.6,45.5,16.9,6.7,5.1,11.7,17.7
2025-26-Tulsa,2025-26,Tulsa,American,,46,46,142,173,22-6,12-5,10-1,8-4,182,329,0-1,3-3,8-2,11-0,122.5,108.4,67.9,0.016,86.0,48.5,39.0,78.1,11.2,26.6,37.8,15.6,6.4,2.5,10.3,16.1
2025-26-Louisville,2025-26,Louisville,ACC,,13,15,41,100,22-9,11-7,11-2,4-7,25,63,7-9,4-0,4-0,7-0,124.9,98.9,69.7,-0.006,85.1,47.0,35.9,76.9,11.4,27.1,38.5,17.1,6.9,3.2,11.6,18.4
2025-26-North Dakota,2025-26,North Dakota,Summit League,,271,276,233,210,15-16,12-6,3-10,7-8,205,161,0-2,1-3,2-4,12-7,107.2,116.7,67.2,0.111,76.6,43.7,33.2,70.4,10.7,22.4,33.1,11.4,8.5,2.6,9.8,20.2
2025-26-UTRGV,2025-26,UTRGV,Southland,,133,134,224,205,16-13,14-8,2-5,8-8,185,33,0-4,1-1,2-2,13-6,111.3,106.7,66.4,-0.056,75.9,47.4,37.4,76.2,9.5,25.4,34.9,16.5,6.1,2.8,12.1,18.0
2025-26-UAlbany,2025-26,UAlbany,America East,,326,325,314,246,8-21,7-10,1-11,4-13,331,222,0-0,0-4,1-8,7-9,103.6,118.6,65.2,-0.086,72.0,46.8,33.5,66.1,11.3,23.1,34.4,13.9,6.9,4.0,12.2,16.8
2025-26-Baylor,2025-26,Baylor,Big 12,,49,51,15,90,15-15,6-12,9-3,3-7,12,116,3-12,5-3,2-0,5-0,123.2,107.2,67.8,-0.086,82.6,47.9,34.5,73.2,12.8,24.0,36.8,15.8,6.6,4.0,11.5,16.3
2025-26-Montana,2025-26,Montana,Big Sky,,197,195,154,179,13-14,10-8,3-6,5-9,170,68,0-3,1-1,4-6,8-4,107.1,108.8,69.6,0.047,77.3,48.9,35.8,77.0,6.6,27.8,34.4,14.8,5.6,2.4,13.7,17.7
2025-26-Eastern Wash.,2025-26,Eastern Wash.,Big Sky,,200,198,149,176,12-18,11-7,1-11,5-13,154,77,0-3,1-2,4-10,7-3,113.4,113.4,67.7,-0.061,78.1,47.7,35.8,74.3,10.2,22.1,32.3,13.6,5.9,3.4,12.2,18.2
2025-26-Colorado St.,2025-26,Colorado St.,Mountain West,,87,82,96,141,19-11,11-9,8-2,6-5,93,266,3-4,4-5,3-1,9-1,119.8,110.1,62.8,0.051,76.5,49.4,39.1,76.9,8.6,23.6,32.2,16.1,5.3,2.1,11.7,16.5
2025-26-UT Martin,2025-26,UT Martin,OVC,,204,204,335,255,19-11,14-8,5-3,8-6,350,237,0-1,2-1,0-3,17-6,100.7,105.6,64.1,0.048,69.8,42.1,30.4,67.7,13.9,26.0,39.9,13.6,8.8,4.3,14.4,16.8
2025-26-Xavier,2025-26,Xavier,Big East,,97,95,31,97,14-17,6-14,8-3,1-10,64,108,0-8,3-8,5-1,6-0,117.0,109.1,70.3,0.012,78.7,44.6,36.7,73.4,9.9,24.7,34.5,17.8,6.5,4.1,10.0,17.6
2025-26-Omaha,2025-26,Omaha,Summit League,,257,251,226,207,12-17,9-9,3-8,5-10,259,221,0-1,0-4,2-6,10-6,106.5,114.5,67.0,0.033,76.0,46.3,35.2,73.5,8.9,25.6,34.5,13.1,5.8,2.8,11.1,16.7
2025-26-Sacred Heart,2025-26,Sacred Heart,MAAC,,296,292,314,246,13-19,10-12,3-7,5-13,338,274,0-1,0-1,2-7,11-10,107.5,119.1,68.4,0.001,75.2,43.4,35.9,77.7,10.2,24.6,34.9,14.9,5.7,2.9,12.1,14.9
2025-26-Coppin St.,2025-26,Coppin St.,MEAC,,363,363,314,246,6-24,5-9,1-15,4-15,255,167,0-3,0-4,0-5,6-12,92.4,120.1,68.0,0.037,65.5,40.9,30.5,67.4,11.2,21.3,32.5,11.7,6.4,3.5,15.4,18.5
2025-26-UAB,2025-26,UAB,American,,117,115,139,171,18-11,10-7,8-4,10-2,144,312,2-1,1-2,7-6,8-2,110.0,106.0,69.0,0.02,79.3,44.1,28.4,70.8,13.0,27.2,40.2,14.0,8.0,3.5,9.0,14.4
2025-26-California Baptist,2025-26,California Baptist,WAC,,103,105,211,201,23-8,13-5,10-3,7-7,220,273,0-2,1-3,4-3,18-0,108.3,102.8,65.6,0.084,72.9,43.1,33.1,71.3,14.0,26.2,40.2,10.4,5.4,3.0,12.4,18.8
2025-26-New Mexico,2025-26,New Mexico,Mountain West,,45,47,94,138,21-9,13-7,8-2,7-5,86,147,2-6,6-1,4-2,9-0,117.4,101.6,70.0,-0.021,80.7,46.0,36.2,73.3,10.4,25.7,36.1,14.6,7.9,2.9,10.7,17.7
2025-26-UC Irvine,2025-26,UC Irvine,Big West,,118,117,171,187,20-10,15-5,5-5,7-5,268,286,0-0,1-3,5-7,14-0,104.5,98.3,68.3,-0.007,77.3,46.6,33.5,68.5,11.4,28.9,40.3,16.2,7.8,5.9,12.6,16.0
2025-26-Saint Mary's (CA),2025-26,Saint Mary's (CA),WCC,,20,21,90,133,26-4,16-2,10-2,8-2,97,121,1-3,7-1,11-0,7-0,120.6,97.6,65.1,0.011,78.2,46.1,38.9,80.5,12.4,27.9,40.3,15.5,5.6,3.6,10.8,15.7
2025-26-Northeastern,2025-26,Northeastern,CAA,,283,282,182,190,7-24,3-17,4-7,3-13,248,283,0-1,0-3,3-10,4-10,107.8,118.4,69.6,-0.061,74.9,46.1,33.7,69.0,9.5,22.0,31.6,15.4,7.0,3.0,11.5,19.3
2025-26-Tulane,2025-26,Tulane,American,,205,205,121,163,16-13,8-9,8-4,6-4,162,321,0-2,2-4,4-6,10-1,108.5,111.4,67.0,0.128,72.8,42.7,32.5,76.0,8.0,23.3,31.3,13.0,7.8,4.6,10.9,17.8
2025-26-Iowa St.,2025-26,Iowa St.,Big 12,,8,10,60,111,25-6,12-6,13-0,5-5,39,134,6-6,10-0,2-0,7-0,123.3,92.1,66.7,0.004,82.1,48.9,38.4,67.7,11.9,23.7,35.6,17.4,9.0,2.8,10.3,16.0
2025-26-Duke,2025-26,Duke,ACC,,1,1,13,89,29-2,17-1,12-1,10-1,8,9,15-2,5-0,2-0,7-0,128.5,87.9,65.4,0.03,82.9,49.6,35.3,72.3,12.0,28.0,40.1,17.3,8.0,3.4,10.4,15.6
2025-26-Rider,2025-26,Rider,MAAC,,357,356,265,223,3-25,3-17,0-8,0-16,184,14,0-4,0-0,0-7,3-14,96.0,120.5,65.8,-0.024,63.4,39.5,27.5,69.5,12.6,22.3,35.0,10.3,6.0,3.4,11.2,16.2
2025-26-Elon,2025-26,Elon,CAA,,222,219,177,189,12-18,6-13,6-5,6-9,203,250,0-2,2-1,3-7,7-8,110.4,116.2,66.8,-0.03,78.1,45.1,34.3,72.2,12.0,23.5,35.5,14.8,6.9,3.0,10.8,16.9
2025-26-Cal St. Fullerton,2025-26,Cal St. Fullerton,Big West,,181,188,146,175,15-15,12-8,3-7,6-10,175,99,0-2,1-4,5-7,9-2,110.8,110.4,72.5,0.046,83.7,45.7,34.7,71.0,9.6,25.5,35.1,16.5,8.1,2.9,11.4,18.8
2025-26-NIU,2025-26,NIU,MAC,,336,336,191,195,7-21,4-14,3-7,3-14,161,131,0-4,0-2,1-9,6-6,97.3,114.6,67.4,0.014,69.5,41.6,31.2,66.4,11.8,22.9,34.7,12.5,6.0,1.9,14.9,18.4
2025-26-Colorado,2025-26,Colorado,Big 12,,71,70,18,92,17-14,7-11,10-3,2-8,59,261,1-10,4-3,8-1,4-0,119.2,107.1,68.7,0.024,80.0,47.0,35.3,75.7,10.0,24.3,34.3,15.7,6.3,3.4,10.2,17.6
2025-26-San Jose St.,2025-26,San Jose St.,Mountain West,,256,257,81,124,7-23,3-17,4-6,1-12,82,145,0-7,1-9,0-7,6-0,112.3,117.1,65.1,-0.012,71.8,43.6,35.8,73.1,10.3,19.5,29.9,10.6,5.8,2.3,10.0,17.8
2025-26-Penn St.,2025-26,Penn St.,Big Ten,,130,131,58,110,12-18,3-16,9-2,2-8,51,358,2-11,1-3,2-4,7-0,114.3,112.2,67.4,-0.012,73.7,46.9,32.4,75.0,8.3,20.7,29.0,12.7,6.9,1.7,10.5,15.5
2025-26-CSU Bakersfield,2025-26,CSU Bakersfield,Big West,,330,329,157,180,6-24,2-18,4-6,2-13,202,202,0-2,0-4,2-10,4-8,102.2,117.5,70.1,0.012,73.1,42.0,29.0,73.5,11.4,23.4,34.8,11.1,7.6,4.9,13.6,20.1
2025-26-Maryland,2025-26,Maryland,Big Ten,,160,159,31,97,11-19,4-15,7-4,2-10,10,67,2-13,2-2,2-4,5-0,111.4,107.2,66.1,0.016,69.7,40.7,31.7,72.2,12.2,23.2,35.4,10.5,4.8,2.9,12.4,18.0
2025-26-Miami (OH),2025-26,Miami (OH),MAC,,53,53,280,230,28-0,18-0,10-0,14-0,340,363,0-0,2-0,11-0,15-0,116.9,108.0,70.1,0.116,90.9,52.6,39.3,74.9,8.3,27.6,35.8,16.0,7.5,3.4,10.5,16.1
2025-26-Winthrop,2025-26,Winthrop,Big South,,128,128,260,221,20-10,15-3,5-7,7-9,189,78,0-3,0-2,4-1,16-4,112.0,110.8,70.0,0.025,83.6,43.6,33.9,73.1,13.9,27.3,41.3,14.3,7.0,2.9,10.9,19.2
2025-26-Vanderbilt,2025-26,Vanderbilt,SEC,,16,18,31,97,24-7,11-7,13-0,8-4,28,113,8-6,8-1,2-0,6-0,125.7,99.3,69.4,0.02,86.9,47.9,35.4,78.3,10.7,25.1,35.8,16.4,8.3,4.7,9.7,19.6
2025-26-Holy Cross,2025-26,Holy Cross,Patriot,,331,331,324,249,9-22,6-14,3-8,4-14,329,232,0-1,0-3,1-3,8-15,101.1,117.6,65.5,-0.007,68.2,43.6,32.1,75.6,7.6,23.6,31.2,10.8,5.7,1.8,10.2,15.7
2025-26-Rutgers,2025-26,Rutgers,Big Ten,,151,151,61,112,12-18,5-14,7-4,2-9,34,254,0-13,2-4,5-0,5-1,111.5,107.5,66.6,0.049,70.9,42.0,32.8,73.9,10.8,22.0,32.8,12.2,6.2,3.4,10.1,16.6
2025-26-Lipscomb,2025-26,Lipscomb,ASUN,,190,190,276,229,17-13,12-7,5-6,6-11,207,51,0-4,0-0,2-4,15-5,107.2,110.1,69.3,0.044,79.7,46.2,36.2,75.4,9.4,25.2,34.6,18.0,7.0,2.8,11.3,16.0
2025-26-California,2025-26,California,ACC,,65,64,78,121,20-10,9-9,11-1,4-6,75,328,4-6,2-3,6-1,8-0,114.4,103.0,68.0,0.044,77.9,44.3,36.1,77.9,9.2,25.6,34.8,13.7,5.9,3.1,10.3,18.9
2025-26-Purdue,2025-26,Purdue,Big Ten,,10,9,5,77,23-8,13-7,10-1,8-3,7,34,8-8,5-0,7-0,3-0,130.7,101.2,64.9,-0.021,82.3,50.1,38.5,74.2,11.2,24.4,35.5,19.7,5.6,2.7,9.1,15.1
2025-26-Kentucky,2025-26,Kentucky,SEC,,28,27,20,93,19-12,10-8,9-4,4-6,4,31,6-10,4-2,3-0,6-0,121.7,100.3,68.1,-0.017,81.4,46.7,34.6,72.4,12.2,25.9,38.1,16.2,7.0,4.3,10.5,18.2
2025-26-Duquesne,2025-26,Duquesne,Atlantic 10,,140,140,110,156,15-14,9-9,6-5,5-7,105,235,0-6,2-3,5-4,8-1,110.7,107.8,69.0,-0.011,79.1,46.2,33.8,71.8,10.5,24.5,35.0,15.3,7.8,3.0,12.8,19.5
2025-26-BYU,2025-26,BYU,Big 12,,24,25,10,86,21-10,9-9,12-1,3-6,11,50,7-8,6-2,3-0,5-0,126.3,103.1,69.8,-0.007,84.5,47.9,34.7,74.3,12.5,26.1,38.5,13.7,7.2,4.5,10.6,15.7
2025-26-Marshall,2025-26,Marshall,Sun Belt,,165,164,220,204,18-12,11-7,7-5,6-8,269,225,0-1,0-2,7-5,11-4,112.4,115.6,69.3,0.034,81.1,46.9,36.8,73.2,11.3,25.5,36.8,16.6,6.2,4.8,11.7,20.2
2025-26-Tennessee,2025-26,Tennessee,SEC,,21,19,22,94,21-10,11-7,10-3,5-5,13,65,5-9,7-1,2-0,7-0,121.6,95.5,65.2,-0.058,80.1,46.6,33.8,69.4,16.0,26.6,42.6,17.1,7.6,3.5,11.9,17.8
2025-26-Queens (NC),2025-26,Queens (NC),ASUN,,191,197,276,229,19-13,15-5,4-8,6-10,190,30,0-5,0-0,1-4,18-4,116.1,117.6,69.6,0.067,84.9,48.2,36.0,73.9,10.2,23.6,33.8,15.9,5.9,2.9,10.7,19.9
2025-26-IU Indy,2025-26,IU Indy,Horizon,,322,322,234,211,5-25,3-18,2-7,2-15,266,174,0-2,0-3,3-5,2-15,105.8,119.7,73.2,-0.033,83.5,46.0,32.6,72.7,11.3,21.2,32.4,20.3,8.9,3.2,12.0,22.1
2025-26-ULM,2025-26,ULM,Sun Belt,,355,355,234,211,2-28,1-18,1-10,1-15,249,196,0-1,0-4,0-9,2-14,101.5,122.6,70.1,-0.099,72.4,41.3,31.9,73.1,9.3,23.1,32.4,12.2,6.1,3.4,12.1,14.5
2025-26-Providence,2025-26,Providence,Big East,,83,83,51,104,14-17,7-13,7-4,3-8,67,105,1-8,2-7,7-2,4-0,121.7,109.9,71.1,-0.089,85.7,47.7,36.4,76.0,11.2,27.6,38.8,14.3,5.4,4.0,12.4,18.6
2025-26-Memphis,2025-26,Memphis,American,,131,132,82,125,12-18,7-10,5-8,2-10,83,20,0-6,2-6,4-4,6-2,107.4,105.0,70.2,-0.053,75.2,43.4,31.6,72.1,13.1,23.8,36.8,13.3,8.4,4.3,13.6,20.3
2025-26-Southern Ill.,2025-26,Southern Ill.,MVC,,120,120,113,158,15-16,10-11,5-5,7-8,121,219,1-1,3-6,4-8,7-1,104.1,99.6,68.9,-0.094,73.0,45.2,27.8,67.9,11.4,26.8,38.2,13.5,8.0,3.6,12.0,17.1
2025-26-Col. of Charleston,2025-26,Col. of Charleston,CAA,,147,148,175,188,20-10,14-4,6-6,8-4,219,249,0-1,2-3,4-5,14-1,108.3,108.6,67.6,0.105,75.4,44.5,29.7,73.2,10.6,26.6,37.2,13.5,5.6,4.5,10.7,16.8
2025-26-Liberty,2025-26,Liberty,CUSA,,100,103,167,185,22-6,17-3,5-3,10-2,235,172,1-1,1-0,9-4,11-1,118.0,114.1,63.9,0.142,78.2,51.4,39.8,70.5,5.7,23.4,29.1,17.2,6.3,3.4,8.8,14.1
2025-26-Bradley,2025-26,Bradley,MVC,,114,112,118,161,20-12,14-8,6-4,4-7,165,346,0-1,3-6,9-4,8-1,112.0,108.1,67.3,0.039,77.6,43.8,35.5,73.3,10.2,24.2,34.3,13.4,8.0,3.1,9.7,18.7
2025-26-Oakland,2025-26,Oakland,Horizon,,177,175,162,184,15-16,12-9,3-7,8-9,110,1,0-5,0-3,7-2,8-6,115.6,115.4,69.8,0.016,82.6,47.4,34.8,75.0,11.1,23.9,35.0,15.8,7.6,3.6,10.5,15.3
2025-26-Central Conn. St.,2025-26,Central Conn. St.,NEC,,290,288,362,278,16-12,12-7,4-5,8-8,361,307,0-1,0-0,2-3,14-8,105.0,117.7,65.1,0.116,73.8,47.1,36.8,76.9,9.1,25.3,34.4,13.8,5.6,4.0,10.6,13.7
2025-26-Syracuse,2025-26,Syracuse,ACC,,85,79,56,109,15-16,6-12,9-4,2-7,53,93,1-10,4-3,3-3,7-0,115.0,105.3,67.4,-0.046,75.0,46.5,32.9,64.8,10.3,23.9,34.1,12.8,6.2,5.9,11.0,16.4
2025-26-UC Riverside,2025-26,UC Riverside,Big West,,274,274,149,176,8-22,5-15,3-7,3-15,138,58,0-3,0-5,2-9,6-5,104.3,112.0,68.5,-0.048,72.9,43.3,32.3,74.3,10.3,24.4,34.7,12.7,5.3,4.1,13.1,19.1
2025-26-Florida St.,2025-26,Florida St.,ACC,,69,73,69,115,17-14,10-8,7-6,6-5,48,97,3-8,5-5,2-0,7-1,118.1,105.3,70.5,0.01,80.4,43.7,32.9,71.4,11.7,24.0,35.7,14.5,7.8,3.9,11.0,18.3
2025-26-Southern California,2025-26,Southern California,Big Ten,,76,68,22,94,17-13,7-13,10-0,5-6,31,240,2-9,7-3,5-1,3-0,113.9,103.2,70.6,0.068,78.6,45.4,31.4,72.4,11.4,25.1,36.5,15.3,6.3,5.7,12.5,18.8
2025-26-Howard,2025-26,Howard,MEAC,,201,200,362,278,17-10,11-3,6-7,7-6,309,192,0-2,1-2,1-0,15-6,104.0,107.1,69.1,-0.023,77.7,46.2,35.0,72.9,12.3,24.2,36.5,16.5,8.6,3.6,13.6,19.4
2025-26-UMES,2025-26,UMES,MEAC,,350,350,331,253,7-22,5-9,2-13,2-18,169,61,0-5,0-1,0-2,7-14,94.8,115.2,63.0,-0.046,64.0,44.5,30.1,70.9,10.3,22.2,32.5,13.6,5.7,2.5,15.8,18.1
2025-26-North Dakota St.,2025-26,North Dakota St.,Summit League,,115,118,291,236,23-7,16-2,7-5,10-5,348,336,0-0,0-1,5-4,18-2,112.1,107.0,66.3,0.04,80.7,46.8,36.5,72.5,11.6,24.8,36.4,15.5,8.3,2.9,10.8,14.7
2025-26-Washington,2025-26,Washington,Big Ten,,61,57,41,100,15-16,7-13,8-3,4-9,47,243,2-10,3-4,5-2,5-0,117.0,102.0,67.2,-0.09,77.0,45.8,31.5,76.4,11.6,25.3,36.9,13.7,5.8,4.1,10.6,17.1
2025-26-Fordham,2025-26,Fordham,Atlantic 10,,171,182,177,189,14-14,8-10,6-4,4-6,174,365,0-3,2-2,4-5,8-4,105.1,104.7,64.4,-0.044,70.1,43.9,29.4,69.9,12.7,26.1,38.8,14.5,7.3,2.2,11.5,15.6
2025-26-LMU (CA),2025-26,LMU (CA),WCC,,178,176,129,166,14-17,6-13,8-4,4-7,128,335,0-4,1-3,6-5,7-5,106.9,106.1,66.9,-0.045,74.3,45.8,34.9,70.4,9.1,24.9,34.0,13.2,6.1,4.1,12.0,17.8
2025-26-Saint Louis,2025-26,Saint Louis,Atlantic 10,,27,23,132,168,26-4,15-3,11-1,7-3,143,318,2-1,4-2,9-1,11-0,120.1,101.5,70.9,0.043,87.8,51.3,40.5,73.3,10.5,29.7,40.2,18.4,7.3,3.5,12.3,18.2
2025-26-Chattanooga,2025-26,Chattanooga,SoCon,,287,287,288,235,10-19,7-12,3-7,6-9,297,208,0-2,0-2,2-3,8-12,105.7,117.9,67.2,-0.029,76.7,46.1,35.8,76.7,7.8,25.3,33.1,15.3,5.3,2.6,9.6,19.0
2025-26-VCU,2025-26,VCU,Atlantic 10,,44,44,105,149,24-7,15-3,9-4,7-3,98,94,2-5,3-2,10-0,9-0,120.2,103.4,68.9,-0.019,82.4,46.2,36.4,74.0,11.4,25.5,36.9,14.2,7.4,4.4,10.8,17.6
2025-26-Illinois St.,2025-26,Illinois St.,MVC,,94,93,116,160,19-12,12-9,7-3,5-7,140,300,0-2,4-4,8-5,7-1,110.9,104.2,66.7,-0.009,75.1,46.7,35.2,70.2,9.8,25.9,35.7,13.5,5.7,2.3,11.3,16.8
2025-26-New Orleans,2025-26,New Orleans,Southland,,211,212,177,189,14-17,12-10,2-7,9-11,116,12,1-4,2-3,1-4,10-6,110.1,112.2,69.7,0.038,74.5,44.3,31.8,74.3,12.1,25.4,37.5,12.9,5.8,3.8,14.4,19.6
2025-26-Northwestern,2025-26,Northwestern,Big Ten,,70,69,30,96,13-18,5-15,8-3,3-8,19,214,1-13,2-4,5-1,5-0,117.7,104.1,65.1,-0.077,73.3,45.9,32.8,75.1,9.2,21.6,30.7,17.1,5.9,3.6,8.5,17.2
2025-26-Temple,2025-26,Temple,American,,166,165,177,189,15-14,8-9,7-5,5-5,218,289,0-1,2-3,2-8,11-2,112.0,111.5,64.9,-0.073,73.9,44.7,33.8,74.7,10.0,23.6,33.7,12.3,5.7,4.0,9.0,17.3
2025-26-Manhattan,2025-26,Manhattan,MAAC,,329,330,304,242,11-20,8-13,3-7,3-12,334,248,0-1,0-2,1-6,10-11,104.7,121.2,67.9,0.053,74.0,42.6,32.4,79.5,10.7,22.5,33.2,12.8,7.8,2.3,10.7,14.8
2025-26-UConn,2025-26,UConn,Big East,,9,8,39,99,27-4,17-3,10-1,9-2,44,11,7-2,9-1,6-1,5-0,122.8,94.5,64.9,0.052,78.2,48.4,35.7,71.1,11.4,25.1,36.5,18.5,7.0,5.4,11.0,18.2
2025-26-Davidson,2025-26,Davidson,Atlantic 10,,107,109,106,151,17-12,10-8,7-4,7-4,109,127,0-5,2-2,8-4,7-1,110.8,104.9,63.8,0.029,72.4,45.9,36.6,65.8,9.8,23.5,33.3,13.8,6.6,4.2,10.4,16.9
2025-26-UCF,2025-26,UCF,Big 12,,51,50,35,98,20-10,9-9,11-1,5-5,57,247,5-6,5-3,3-1,7-0,121.3,106.0,69.3,0.096,81.7,46.9,36.8,74.1,12.4,24.9,37.2,15.9,5.7,3.0,11.2,17.3
2025-26-Merrimack,2025-26,Merrimack,MAAC,,179,177,291,236,22-10,18-3,4-7,9-8,294,154,0-2,0-1,3-4,19-3,106.9,107.7,63.4,0.115,68.5,41.6,32.7,78.8,8.1,20.6,28.7,12.4,8.2,5.1,9.6,16.4
2025-26-Bellarmine,2025-26,Bellarmine,ASUN,,284,285,260,221,11-19,8-12,3-7,2-13,241,101,0-2,0-3,0-5,11-9,116.8,126.5,64.6,-0.013,80.0,52.1,38.2,79.2,6.4,21.4,27.9,15.1,6.1,1.7,10.3,16.6
2025-26-Stetson,2025-26,Stetson,ASUN,,310,312,254,217,10-21,8-12,2-9,2-14,244,107,0-3,0-2,0-7,10-9,105.6,118.1,66.7,0.008,73.7,45.6,36.3,68.1,9.5,23.3,32.8,15.3,6.2,2.1,12.5,15.5
2025-26-Michigan,2025-26,Michigan,Big Ten,,2,2,1,68,28-2,18-1,10-1,11-0,5,7,13-2,8-0,5-0,2-0,128.7,89.3,71.5,0.039,88.4,51.0,36.5,74.5,11.2,29.2,40.4,18.8,5.8,5.9,12.2,15.8
2025-26-Murray St.,2025-26,Murray St.,MVC,,109,106,116,160,20-12,12-9,8-3,5-6,123,230,0-2,4-5,6-5,10-0,116.6,112.4,71.6,0.043,83.3,46.0,34.8,75.7,11.7,24.7,36.4,13.8,6.0,4.0,11.7,18.8
2025-26-Virginia,2025-26,Virginia,ACC,,14,13,69,115,27-4,15-3,12-1,8-2,73,205,6-3,9-1,5-0,7-0,121.7,96.5,65.8,0.071,80.9,46.1,35.5,71.8,13.5,27.3,40.8,16.8,6.6,6.2,10.8,17.7
2025-26-UMass Lowell,2025-26,UMass Lowell,America East,,318,318,343,261,12-17,10-7,2-10,5-13,283,114,0-3,0-1,0-6,12-7,102.9,117.6,69.1,0.017,74.9,46.1,32.2,66.7,12.3,25.2,37.5,12.5,5.2,3.1,12.2,14.7
2025-26-Lindenwood,2025-26,Lindenwood,OVC,,262,263,332,254,15-15,12-10,3-5,7-9,291,56,0-3,0-0,1-3,14-9,100.8,109.3,72.4,0.017,77.8,45.3,30.8,68.0,12.8,26.5,39.2,14.5,8.9,4.5,13.5,17.1
2025-26-Mississippi Val.,2025-26,Mississippi Val.,SWAC,,365,365,330,251,2-29,2-16,0-13,1-18,250,86,0-4,0-4,0-1,2-20,90.6,122.1,66.9,-0.026,64.2,41.1,30.0,71.4,9.2,21.3,30.5,12.2,7.2,2.6,15.4,21.4
2025-26-Cornell,2025-26,Cornell,Ivy League,,142,155,204,199,13-12,8-6,5-6,8-8,180,198,0-2,1-2,2-6,10-2,119.9,118.9,71.6,-0.026,88.9,49.8,39.7,74.4,10.2,25.0,35.2,21.2,6.1,2.8,11.9,19.3
2025-26-A&M-Corpus Christi,2025-26,A&M-Corpus Christi,Southland,,195,192,200,198,13-14,13-9,0-5,7-9,147,2,0-3,1-4,0-4,12-3,105.2,105.4,66.0,0.003,72.5,45.7,35.6,67.7,11.4,24.7,36.1,13.4,7.6,3.0,13.2,20.3
2025-26-Akron,2025-26,Akron,MAC,,52,52,234,211,24-5,17-1,7-4,9-3,242,239,0-2,0-1,8-2,16-0,120.8,107.3,70.5,-0.006,89.6,50.7,38.5,77.1,11.4,26.8,38.2,19.0,7.7,3.0,11.1,15.8
2025-26-Wagner,2025-26,Wagner,NEC,,304,303,349,264,11-17,9-11,2-6,6-12,327,109,0-2,0-1,0-5,11-9,102.8,115.6,65.5,-0.001,71.3,43.7,34.8,73.0,11.9,25.4,37.3,12.5,5.5,2.5,12.8,18.6
2025-26-Mercyhurst,2025-26,Mercyhurst,NEC,,276,277,357,271,15-16,12-8,3-8,5-13,320,137,0-3,0-2,0-2,15-9,101.6,112.2,64.8,-0.013,69.4,45.3,32.7,72.5,9.1,23.6,32.6,14.6,7.2,3.8,9.5,18.2
2025-26-UNLV,2025-26,UNLV,Mountain West,,112,111,86,129,15-15,11-9,4-6,6-6,85,186,4-4,4-4,2-4,5-3,116.0,109.5,69.9,0.004,80.0,47.2,34.9,69.0,11.0,23.9,35.0,14.4,7.7,4.8,11.8,21.4
2025-26-Colgate,2025-26,Colgate,Patriot,,223,224,297,238,16-14,12-7,4-7,6-9,217,49,0-3,0-1,2-4,14-6,108.1,115.1,66.8,0.044,76.4,47.9,35.9,74.9,8.8,25.2,34.1,14.6,6.0,3.0,10.1,17.0
2025-26-Texas Tech,2025-26,Texas Tech,Big 12,,15,14,4,72,22-9,12-6,10-3,5-5,6,24,8-8,4-1,7-0,3-0,126.3,100.2,66.2,-0.002,81.3,47.1,39.6,71.7,11.7,25.5,37.2,16.0,5.8,3.8,10.8,16.6
2025-26-UTEP,2025-26,UTEP,CUSA,,268,268,141,172,8-20,7-13,1-7,2-11,198,138,0-1,0-4,3-10,5-5,101.3,110.8,65.5,0.01,69.3,42.7,33.8,70.0,9.8,22.8,32.5,11.7,7.6,3.6,11.7,18.5
2025-26-Oregon St.,2025-26,Oregon St.,WCC,,174,174,101,147,16-15,9-9,7-6,4-7,112,319,1-3,1-4,9-5,5-3,109.5,110.1,65.1,0.097,71.1,42.7,35.0,77.2,8.6,23.8,32.4,13.8,5.5,3.7,11.9,17.8
2025-26-NC State,2025-26,NC State,ACC,,35,33,18,92,19-12,10-8,9-4,6-4,35,72,5-7,6-4,4-0,4-1,124.5,104.8,69.0,-0.017,84.0,47.1,38.5,76.4,9.8,24.7,34.6,15.7,8.2,3.3,9.2,18.4
2025-26-Iowa,2025-26,Iowa,Big Ten,,25,26,65,114,20-10,10-9,10-1,3-7,54,265,4-8,5-1,5-1,6-0,121.9,99.3,63.1,-0.048,75.4,49.1,35.4,76.9,8.9,20.7,29.6,15.3,7.2,2.0,9.7,17.7
2025-26-Green Bay,2025-26,Green Bay,Horizon,,207,207,200,198,16-14,13-8,3-6,6-9,229,91,0-2,1-3,3-6,12-3,112.9,116.4,62.9,0.064,74.8,48.6,36.2,76.6,7.6,23.7,31.3,13.9,4.5,2.7,10.5,17.0
2025-26-Alabama,2025-26,Alabama,SEC,,17,16,3,70,23-8,13-5,10-3,7-3,1,6,8-7,8-1,5-0,2-0,129.8,103.7,73.0,0.038,92.1,45.9,35.9,76.7,12.4,28.4,40.8,16.2,6.5,5.1,9.9,18.8
2025-26-Texas St.,2025-26,Texas St.,Sun Belt,,238,237,287,233,17-13,11-8,6-5,3-9,355,364,0-0,0-0,3-9,14-4,104.3,110.9,66.0,0.084,73.9,46.9,33.0,75.9,11.4,24.3,35.7,13.1,8.4,3.6,12.7,18.0
2025-26-LSU,2025-26,LSU,SEC,,75,74,58,110,15-16,3-15,12-1,3-7,58,288,1-11,3-3,3-2,8-0,120.0,106.8,66.6,-0.092,81.4,47.1,33.1,76.4,11.2,25.7,36.9,14.7,6.0,3.9,11.0,18.7
2025-26-CSUN,2025-26,CSUN,Big West,,189,180,175,188,17-13,12-8,5-5,7-8,236,251,0-1,1-4,7-4,9-4,108.5,109.0,73.7,0.078,81.5,45.3,32.3,66.4,13.3,28.7,42.0,16.9,7.0,2.8,13.4,18.3
2025-26-Hampton,2025-26,Hampton,CAA,,269,270,234,211,11-19,7-12,4-7,2-12,254,330,0-1,0-3,1-9,10-6,102.8,112.0,65.3,-0.013,69.9,41.4,29.4,71.7,12.5,23.6,36.1,12.1,6.5,3.3,11.2,19.4
2025-26-North Texas,2025-26,North Texas,American,,143,145,145,174,16-13,9-9,7-4,5-7,130,184,0-3,2-4,5-3,9-3,104.0,101.9,64.8,0.011,70.4,43.0,30.3,69.6,12.1,22.6,34.7,12.3,9.4,4.3,11.5,19.2
2025-26-Sam Houston,2025-26,Sam Houston,CUSA,,105,104,158,181,18-10,13-7,5-3,6-9,200,110,0-1,0-3,9-5,9-1,114.3,108.2,70.2,0.004,82.5,46.5,37.2,72.4,13.7,27.2,40.8,15.4,7.1,2.9,11.7,17.5
2025-26-UC Davis,2025-26,UC Davis,Big West,,173,170,171,187,16-13,11-9,5-4,6-9,228,220,1-1,0-4,5-7,10-1,109.3,107.8,68.6,0.047,77.9,44.9,35.1,74.9,9.3,24.0,33.3,15.7,8.0,2.8,12.7,18.5
2025-26-N.C. Central,2025-26,N.C. Central,MEAC,,346,346,313,245,8-17,8-6,0-11,4-12,152,21,0-5,0-1,0-3,8-8,99.7,121.6,66.4,0.058,72.2,43.9,33.2,72.3,10.7,20.9,31.6,13.9,8.9,3.6,12.3,17.8
2025-26-Air Force,2025-26,Air Force,Mountain West,,349,349,86,129,3-28,0-20,3-8,0-12,96,316,0-7,0-9,0-7,3-5,96.0,115.8,66.3,0.0,61.5,42.5,30.6,64.1,7.0,22.1,29.1,12.2,5.6,2.4,14.8,17.9
2025-26-Morgan St.,2025-26,Morgan St.,MEAC,,351,351,354,268,11-15,10-4,1-11,5-9,347,292,0-1,0-3,1-1,10-10,99.7,121.5,70.7,0.103,75.3,42.4,33.1,74.2,11.4,23.5,34.9,13.2,5.0,3.6,12.6,21.4
2025-26-Cincinnati,2025-26,Cincinnati,Big 12,,47,45,49,103,17-14,9-9,8-5,2-8,33,175,3-11,5-2,2-0,7-1,111.5,94.0,67.5,-0.073,73.1,43.1,33.9,68.1,11.1,26.2,37.3,16.6,6.3,4.2,11.8,16.0
2025-26-Tennessee St.,2025-26,Tennessee St.,OVC,,170,183,332,254,20-9,17-5,3-4,10-7,323,73,0-2,1-0,3-1,16-6,109.4,111.2,70.2,0.07,80.5,46.0,33.1,76.5,13.0,25.0,38.0,13.2,9.4,3.6,12.2,18.1
2025-26-Quinnipiac,2025-26,Quinnipiac,MAAC,,217,213,295,237,18-13,12-9,6-4,9-7,286,111,0-2,1-2,3-3,14-6,104.5,108.8,69.9,0.027,75.3,42.9,34.6,68.5,12.7,24.3,37.0,13.6,7.9,4.4,11.0,16.3
2025-26-Little Rock,2025-26,Little Rock,OVC,,309,309,300,240,10-20,9-12,1-8,5-13,325,171,0-1,0-3,0-6,10-10,103.1,116.1,66.6,-0.033,70.5,44.6,35.6,67.5,11.3,22.5,33.8,14.0,7.9,4.5,12.8,15.8
2025-26-Wisconsin,2025-26,Wisconsin,Big Ten,,26,31,31,97,22-9,14-6,8-3,6-4,26,162,8-7,5-1,3-1,6-0,125.5,102.8,69.0,0.038,83.3,45.3,36.3,78.2,10.4,25.5,35.9,15.9,5.6,3.0,9.0,17.2
2025-26-Long Beach St.,2025-26,Long Beach St.,Big West,,260,269,146,175,8-22,6-14,2-8,3-13,176,123,0-2,1-3,1-12,6-5,105.9,111.7,68.5,-0.03,74.9,45.7,33.1,72.6,9.4,23.8,33.2,13.1,7.0,3.0,12.8,20.2
2025-26-Minnesota,2025-26,Minnesota,Big Ten,,73,76,61,112,15-16,8-12,7-4,2-9,38,272,3-11,4-2,1-3,7-0,114.9,104.0,62.5,-0.061,70.0,46.0,34.8,70.0,8.5,22.5,31.0,17.4,6.5,2.7,10.6,14.7
2025-26-Samford,2025-26,Samford,SoCon,,218,214,272,226,16-14,11-8,5-6,6-9,275,170,0-2,1-1,3-6,12-5,110.0,113.9,67.2,0.009,78.9,45.4,35.8,68.9,9.1,27.3,36.4,14.8,4.6,2.8,9.2,16.0
2025-26-Houston Christian,2025-26,Houston Christian,Southland,,288,289,245,213,10-19,8-14,2-5,3-13,223,173,0-2,0-4,1-5,9-8,103.2,114.3,64.4,0.034,67.1,44.0,30.9,69.7,10.2,21.7,31.9,13.9,6.7,3.9,12.4,15.3
2025-26-Eastern Ill.,2025-26,Eastern Ill.,OVC,,323,323,276,229,10-20,9-13,1-7,3-13,212,13,0-3,0-1,0-5,10-11,97.2,112.1,65.6,0.037,67.1,42.8,32.3,73.5,10.0,22.8,32.8,12.2,7.8,3.1,12.5,16.4
2025-26-New Hampshire,2025-26,New Hampshire,America East,,347,345,318,247,7-21,5-12,2-9,1-16,211,47,0-3,0-2,0-5,7-11,95.5,116.3,67.5,-0.002,69.2,40.9,30.9,66.0,10.4,25.0,35.5,11.2,6.2,2.2,11.2,17.6
2025-26-Siena,2025-26,Siena,MAAC,,192,191,347,263,21-11,14-7,7-4,9-7,358,337,0-1,0-0,1-5,20-5,107.4,109.6,64.6,0.005,70.5,45.7,30.4,76.9,10.2,24.2,34.4,13.4,5.8,3.1,10.3,13.8
2025-26-Grand Canyon,2025-26,Grand Canyon,Mountain West,,68,72,106,151,20-11,13-7,7-4,6-5,92,226,3-5,3-3,4-2,10-1,110.8,97.3,67.8,-0.056,75.5,45.4,31.5,75.9,10.4,26.1,36.5,12.9,6.6,3.6,12.3,18.4
2025-26-High Point,2025-26,High Point,Big South,,79,77,327,250,26-4,17-1,9-3,7-2,362,361,0-0,0-2,4-2,22-0,117.4,109.0,69.9,0.048,90.0,49.1,35.6,74.3,11.6,24.8,36.4,16.3,10.9,3.8,9.4,18.7
2025-26-Oregon,2025-26,Oregon,Big Ten,,102,107,8,85,12-19,5-15,7-4,2-8,21,133,1-14,2-3,3-2,6-0,111.9,104.9,65.9,-0.036,70.8,42.6,32.1,73.0,11.2,23.2,34.4,14.3,6.1,3.9,11.8,15.6
2025-26-Texas Southern,2025-26,Texas Southern,SWAC,,320,320,324,249,10-17,10-8,0-9,3-12,193,10,0-5,0-0,0-2,10-10,102.6,115.4,68.6,-0.025,75.1,45.2,32.9,71.6,10.3,25.3,35.6,11.1,6.9,3.3,13.6,19.6
2025-26-N.C. A&T,2025-26,N.C. A&T,CAA,,275,275,230,208,9-19,4-15,5-4,4-11,289,344,0-0,0-4,2-9,7-6,105.5,116.6,68.5,-0.023,75.1,46.1,31.7,71.6,10.7,26.2,36.9,11.9,5.3,3.9,12.8,18.0
2025-26-Northwestern St.,2025-26,Northwestern St.,Southland,,294,293,200,198,8-21,8-14,0-7,2-15,177,59,0-4,0-4,1-4,7-9,102.7,112.8,64.7,-0.013,68.3,43.7,33.2,74.2,8.9,22.5,31.4,11.9,6.4,2.4,11.7,16.7
2025-26-Prairie View,2025-26,Prairie View,SWAC,,316,316,346,262,10-17,9-9,1-8,3-13,282,48,0-3,0-2,0-1,10-11,101.1,113.3,71.5,0.01,79.2,44.1,33.3,75.3,10.2,23.8,34.0,11.9,8.1,4.6,12.1,19.4
2025-26-Seton Hall,2025-26,Seton Hall,Big East,,57,54,61,112,20-11,10-10,10-1,6-5,79,299,1-5,6-4,7-2,6-0,110.5,95.2,65.0,-0.034,70.4,43.7,30.5,72.0,12.5,23.2,35.7,13.0,9.3,5.7,11.2,18.6
2025-26-Indiana St.,2025-26,Indiana St.,MVC,,216,217,125,165,9-21,4-17,5-4,3-12,124,284,0-2,1-6,2-10,6-3,106.6,109.5,68.0,-0.11,73.6,46.5,31.9,67.6,9.3,25.8,35.1,17.5,6.2,3.2,13.7,16.1
2025-26-San Diego,2025-26,San Diego,WCC,,236,235,118,161,10-21,6-14,4-7,2-11,114,313,0-4,1-4,3-7,6-6,108.6,113.5,68.0,0.003,74.5,44.4,35.3,75.6,10.2,21.5,31.7,16.1,7.8,2.8,12.5,18.1
2025-26-La Salle,2025-26,La Salle,Atlantic 10,,237,234,88,131,8-22,5-13,3-9,1-13,100,106,0-3,1-7,3-11,4-1,105.9,111.8,65.7,-0.029,67.1,41.0,29.8,72.4,12.3,22.8,35.1,13.0,6.8,2.6,12.1,16.4
2025-26-Southeast Mo. St.,2025-26,Southeast Mo. St.,OVC,,226,223,314,246,17-13,15-7,2-6,8-7,296,66,0-3,0-0,2-1,15-9,102.5,108.4,68.9,0.031,74.5,45.0,30.3,69.6,9.9,24.1,34.1,12.5,6.8,3.7,11.8,19.9
2025-26-Texas A&M,2025-26,Texas A&M,SEC,,43,43,74,118,21-10,11-7,10-3,6-5,63,268,6-6,4-4,3-0,8-0,120.7,100.9,70.6,-0.005,88.5,46.0,36.5,74.0,12.3,25.6,37.9,18.3,8.2,3.3,10.9,19.5
2025-26-Purdue Fort Wayne,2025-26,Purdue Fort Wayne,Horizon,,252,253,204,199,14-15,11-10,3-5,6-11,194,37,0-3,2-2,3-5,9-5,105.7,113.6,67.7,0.118,78.1,46.6,35.2,71.1,8.0,22.3,30.3,13.8,8.5,3.2,9.9,15.6
2025-26-Detroit Mercy,2025-26,Detroit Mercy,Horizon,,230,226,220,204,14-14,13-8,1-6,7-9,234,64,0-1,1-4,2-5,11-4,108.3,112.5,68.8,0.067,77.2,44.5,34.8,77.5,12.3,25.3,37.6,13.1,6.0,3.2,11.3,19.4
2025-26-New Mexico St.,2025-26,New Mexico St.,CUSA,,185,189,162,184,12-15,8-12,4-3,3-8,252,238,0-1,1-1,5-8,6-5,109.1,110.7,66.9,-0.061,75.1,42.8,32.6,72.8,12.4,25.6,38.0,12.9,6.4,3.2,10.5,20.0
2025-26-Saint Francis,2025-26,Saint Francis,NEC,,353,354,297,238,5-24,5-13,0-11,2-14,230,55,0-3,0-2,0-4,5-15,99.8,122.1,70.0,-0.025,71.5,43.0,34.0,69.4,10.5,22.2,32.6,13.4,7.4,2.1,12.9,18.3
2025-26-Delaware,2025-26,Delaware,CUSA,,285,271,189,194,10-20,6-14,4-6,4-10,240,297,0-1,1-2,5-7,4-10,104.9,116.1,63.1,0.006,67.7,44.5,36.0,78.8,6.4,24.2,30.5,12.1,5.6,3.1,12.0,14.5
2025-26-Richmond,2025-26,Richmond,Atlantic 10,,152,152,125,165,14-16,5-13,9-3,3-8,141,350,1-2,0-4,7-8,6-2,111.5,110.7,67.6,-0.092,76.7,44.7,36.4,75.3,8.7,24.4,33.1,14.2,7.0,2.3,9.7,17.9
2025-26-Missouri St.,2025-26,Missouri St.,CUSA,,214,208,161,183,11-17,8-12,3-5,3-10,239,252,0-1,0-3,3-9,8-4,108.9,111.8,65.7,-0.032,75.3,45.0,33.1,67.6,11.5,23.2,34.8,14.5,6.9,3.1,11.3,17.6
2025-26-App State,2025-26,App State,Sun Belt,,187,181,270,225,17-13,11-8,6-5,7-8,316,301,0-1,1-0,3-6,13-6,106.2,108.6,63.0,0.015,72.0,44.0,30.3,64.2,12.2,26.9,39.1,12.1,4.9,3.7,9.9,15.6
2025-26-George Mason,2025-26,George Mason,Atlantic 10,,88,96,118,161,22-8,11-7,11-1,4-6,157,347,1-2,1-3,12-3,8-0,114.2,106.2,63.3,0.067,73.9,47.7,34.5,73.0,9.6,25.2,34.8,12.9,5.0,3.0,10.6,15.4
2025-26-ETSU,2025-26,ETSU,SoCon,,129,126,304,242,20-10,14-5,6-5,8-6,335,276,0-2,0-0,2-3,18-5,110.0,109.6,66.0,-0.021,77.6,48.8,34.2,74.4,9.3,24.4,33.7,14.1,8.7,3.3,10.2,16.4
2025-26-UNI,2025-26,UNI,MVC,,77,78,109,155,21-12,14-9,7-3,6-6,135,194,0-3,4-4,6-5,11-0,110.3,98.5,62.3,-0.07,69.9,47.7,35.5,69.9,6.9,25.1,31.9,15.0,6.5,3.1,9.3,15.3
2025-26-Fairfield,2025-26,Fairfield,MAAC,,234,233,343,261,20-12,13-9,7-3,7-8,359,342,0-1,0-1,1-4,19-6,106.1,114.3,66.9,0.078,74.4,43.1,33.6,71.0,13.9,24.6,38.5,12.2,6.7,3.6,10.2,15.1
2025-26-Old Dominion,2025-26,Old Dominion,Sun Belt,,254,259,220,204,11-21,8-12,3-9,4-14,204,96,0-2,0-4,3-9,8-6,106.4,113.3,69.0,-0.073,76.2,44.4,35.4,73.4,9.5,25.4,34.9,13.1,5.7,3.2,10.9,19.3
2025-26-Drake,2025-26,Drake,MVC,,193,187,101,147,12-20,8-15,4-5,4-7,136,331,0-1,2-7,5-11,5-1,110.3,112.9,67.2,-0.06,75.1,44.2,34.2,71.9,9.6,25.8,35.4,13.5,5.5,3.1,10.2,16.8
2025-26-North Carolina,2025-26,North Carolina,ACC,,23,24,28,95,24-7,12-6,12-1,4-6,36,95,6-7,5-0,8-0,5-0,121.6,100.5,67.7,0.077,79.8,47.3,34.4,68.6,10.8,27.3,38.0,16.0,5.4,3.4,9.6,14.5
2025-26-Houston,2025-26,Houston,Big 12,,7,7,22,94,26-5,14-4,12-1,6-3,30,118,7-5,11-0,2-0,6-0,125.2,92.7,63.3,0.002,77.6,45.1,34.5,77.1,12.8,23.6,36.5,15.0,7.8,3.8,8.3,18.1
2025-26-Western Caro.,2025-26,Western Caro.,SoCon,,227,230,241,212,13-15,11-8,2-7,4-12,163,18,0-4,1-1,3-3,9-7,109.5,115.1,67.8,-0.015,78.5,44.5,33.4,71.6,13.8,25.1,38.9,12.8,6.1,2.7,11.5,19.0
2025-26-Ohio,2025-26,Ohio,MAC,,228,227,162,184,13-16,9-9,4-7,4-8,159,136,0-3,0-3,4-7,9-3,108.2,113.5,68.8,0.032,78.0,46.2,31.0,70.4,10.1,23.5,33.6,13.6,6.2,3.5,10.8,18.0
2025-26-Rice,2025-26,Rice,American,,244,244,137,170,10-18,6-11,4-7,4-9,142,281,0-2,1-4,4-6,5-6,108.9,114.1,65.5,0.009,73.9,42.0,34.8,68.5,13.9,24.2,38.1,12.2,6.7,3.9,12.1,18.5
2025-26-South Alabama,2025-26,South Alabama,Sun Belt,,184,185,273,227,19-11,11-8,8-3,8-6,339,345,0-0,0-2,8-5,11-4,107.3,110.5,64.6,0.058,74.6,46.6,34.8,66.0,8.7,26.9,35.5,11.8,8.1,2.3,8.7,12.7
2025-26-UC San Diego,2025-26,UC San Diego,Big West,,121,123,184,192,20-10,12-8,8-2,8-5,284,304,0-1,1-1,8-5,11-3,108.6,103.4,67.2,0.014,75.8,46.0,33.3,69.0,9.6,27.4,37.0,15.0,7.7,2.6,11.3,16.1
2025-26-Bucknell,2025-26,Bucknell,Patriot,,333,333,280,230,10-23,7-13,3-10,4-12,262,143,0-3,0-3,0-6,10-11,98.5,115.1,66.9,0.015,67.4,41.9,30.6,76.8,9.2,22.2,31.4,12.7,7.2,1.8,12.8,17.8
2025-26-UNC Asheville,2025-26,UNC Asheville,Big South,,239,243,209,200,12-17,9-9,3-8,4-9,213,181,0-1,0-6,0-5,12-5,105.1,111.8,64.8,-0.016,73.4,45.6,34.9,68.7,10.5,24.3,34.8,11.0,5.4,3.6,12.1,18.1
2025-26-Pacific,2025-26,Pacific,WCC,,116,116,131,167,16-14,9-10,7-4,4-11,107,177,0-6,0-3,4-5,12-0,111.0,105.6,64.3,-0.02,72.7,46.6,36.0,75.4,11.7,26.5,38.2,15.3,5.4,2.3,13.0,18.2
2025-26-Wyoming,2025-26,Wyoming,Mountain West,,98,98,99,146,17-13,9-11,8-2,3-9,94,303,1-7,1-5,3-1,12-0,115.3,107.8,66.0,-0.024,77.1,45.3,33.0,74.4,12.1,23.5,35.6,14.0,6.4,2.3,11.0,20.8
2025-26-Vermont,2025-26,Vermont,America East,,224,225,358,272,19-11,13-4,6-7,8-6,365,343,0-0,0-2,0-4,19-5,106.9,112.9,64.8,0.004,73.8,46.4,34.5,71.9,8.8,26.1,34.9,12.9,4.7,2.9,9.5,16.8
2025-26-Bethune-Cookman,2025-26,Bethune-Cookman,SWAC,,255,256,301,241,16-14,14-4,2-10,7-11,133,3,0-7,0-1,1-0,15-6,103.8,110.5,69.0,0.069,75.4,46.6,33.3,69.0,10.4,25.4,35.8,13.7,7.0,4.6,13.8,18.1
2025-26-Santa Clara,2025-26,Santa Clara,WCC,,42,41,91,135,23-7,15-3,8-4,8-3,88,103,1-5,6-1,9-0,7-1,124.0,104.6,69.2,0.015,82.9,46.8,34.6,73.6,13.1,22.6,35.7,16.8,8.9,3.7,10.8,19.5
2025-26-Georgia Tech,2025-26,Georgia Tech,ACC,,167,171,84,128,11-20,2-16,9-4,1-9,74,338,1-10,0-5,1-5,9-0,108.1,107.5,70.7,-0.039,73.8,44.2,35.1,71.1,10.6,26.4,37.1,15.8,6.1,3.9,13.4,18.0
2025-26-Le Moyne,2025-26,Le Moyne,NEC,,291,290,356,270,14-17,10-9,4-8,5-12,353,285,0-1,0-1,1-5,13-10,102.3,114.1,69.5,-0.018,73.0,46.0,34.0,71.9,8.3,26.6,34.9,14.2,5.8,3.3,13.2,17.4
2025-26-Charleston So.,2025-26,Charleston So.,Big South,,243,246,288,235,12-17,6-11,6-6,5-11,301,326,0-1,0-3,3-4,9-9,106.1,112.6,71.6,-0.09,83.4,45.7,36.1,64.7,11.9,30.2,42.0,16.8,4.8,4.9,13.9,21.7
2025-26-Arizona,2025-26,Arizona,Big 12,,3,3,15,90,29-2,16-2,13-0,9-1,16,41,15-2,5-0,2-0,7-0,126.9,89.5,70.1,0.011,86.7,50.2,35.3,73.9,12.9,30.1,43.0,17.4,8.1,4.3,11.0,16.2
2025-26-Central Mich.,2025-26,Central Mich.,MAC,,279,281,196,197,8-21,6-12,2-9,1-15,156,149,0-4,0-3,3-6,5-8,106.2,115.2,67.1,-0.098,73.4,46.7,33.1,69.9,10.0,22.6,32.6,15.1,6.6,4.2,12.6,17.7
2025-26-Southeastern La.,2025-26,Southeastern La.,Southland,,295,294,211,201,8-22,6-16,2-6,2-15,206,141,0-2,0-6,2-4,6-10,100.0,110.6,65.5,-0.006,65.0,41.4,28.3,68.4,10.2,21.8,32.0,11.6,6.9,2.8,12.4,17.7
2025-26-Norfolk St.,2025-26,Norfolk St.,MEAC,,313,314,352,266,11-16,8-6,3-10,5-10,302,191,0-2,0-1,0-5,11-8,101.8,116.5,67.9,-0.009,76.2,46.5,33.8,68.6,11.5,23.3,34.8,12.0,7.2,3.0,12.1,19.5
2025-26-Oral Roberts,2025-26,Oral Roberts,Summit League,,311,311,187,193,7-23,5-13,2-10,1-13,196,120,0-2,0-5,2-6,5-10,102.3,115.3,67.7,-0.055,73.3,42.8,32.3,74.4,10.4,24.5,34.9,11.9,6.0,3.4,13.3,19.8
2025-26-West Ga.,2025-26,West Ga.,ASUN,,299,299,295,237,13-17,9-11,4-6,4-11,253,83,0-3,0-0,1-4,12-10,101.9,114.5,69.2,0.072,76.6,44.7,33.6,70.0,12.0,25.0,37.0,12.8,6.5,5.0,11.3,16.8
2025-26-Furman,2025-26,Furman,SoCon,,194,199,265,223,17-12,11-8,6-4,7-5,333,295,0-0,0-4,4-4,13-4,107.8,109.7,65.9,0.01,76.5,47.6,32.7,69.0,10.9,27.1,38.0,15.6,4.8,3.3,11.9,15.1
2025-26-Hawaii,2025-26,Hawaii,Big West,,113,102,234,211,20-8,14-6,6-2,6-5,319,356,0-0,0-4,6-2,14-2,107.4,102.4,69.8,0.028,80.0,46.3,32.1,73.6,10.7,28.0,38.7,13.5,6.6,3.8,13.3,18.2
2025-26-UIW,2025-26,UIW,Southland,,278,279,211,201,9-19,7-15,2-4,2-12,172,27,0-3,1-4,1-3,7-9,109.2,117.6,65.5,-0.028,74.3,44.7,37.7,71.6,11.8,22.5,34.3,11.7,5.4,2.5,11.2,17.8
2025-26-Buffalo,2025-26,Buffalo,MAC,,196,193,245,213,15-14,7-11,8-3,8-6,260,360,0-2,1-2,3-5,11-5,113.1,116.4,66.4,-0.015,78.3,47.3,38.3,74.1,9.1,22.5,31.6,14.6,7.6,2.8,10.8,16.1
2025-26-UT Arlington,2025-26,UT Arlington,WAC,,162,163,154,179,15-13,9-9,6-4,8-8,173,180,0-2,1-3,5-4,9-4,103.1,102.1,64.9,0.037,70.2,44.0,29.4,71.8,12.1,24.8,36.9,12.0,7.4,3.7,14.1,18.9
2025-26-Youngstown St.,2025-26,Youngstown St.,Horizon,,219,220,249,214,12-17,8-13,4-4,4-11,298,275,1-0,0-4,2-6,9-7,105.8,109.8,67.2,-0.092,76.8,46.1,34.5,73.2,10.6,23.3,33.9,14.4,6.8,3.5,12.7,17.6
2025-26-East Carolina,2025-26,East Carolina,American,,267,266,142,173,10-19,6-11,4-8,4-7,134,179,0-3,1-3,2-6,7-7,103.9,111.4,68.7,-0.006,71.5,41.9,28.8,70.4,12.5,24.0,36.5,11.8,6.4,3.9,12.2,16.1
2025-26-Portland,2025-26,Portland,WCC,,220,215,97,143,13-19,8-13,5-6,1-12,101,255,1-4,0-6,5-7,7-2,106.4,109.2,68.5,0.064,74.4,46.6,30.2,73.8,9.5,24.3,33.8,16.6,5.9,2.9,13.7,17.5
2025-26-East Texas A&M,2025-26,East Texas A&M,Southland,,303,300,204,199,9-21,6-16,3-5,4-13,158,42,0-4,0-4,1-3,8-10,101.0,111.8,68.2,0.001,70.2,43.3,32.3,67.7,9.4,23.7,33.1,16.1,7.3,3.2,12.9,17.0
2025-26-South Dakota,2025-26,South Dakota,Summit League,,282,284,264,222,13-16,8-9,5-7,3-10,280,256,0-1,0-5,1-4,12-6,104.6,114.9,69.8,0.056,79.6,45.1,33.2,73.7,10.7,23.7,34.4,12.3,6.2,2.5,11.8,15.4
2025-26-Presbyterian,2025-26,Presbyterian,Big South,,259,262,258,220,12-18,8-10,4-8,3-13,263,259,0-2,0-3,2-4,10-9,103.5,112.6,64.2,-0.02,72.4,47.5,32.3,68.5,11.0,24.4,35.4,13.1,5.7,4.6,13.0,17.8
2025-26-Loyola Maryland,2025-26,Loyola Maryland,Patriot,,328,328,342,259,10-20,8-11,2-9,3-13,343,298,0-1,0-2,0-6,10-11,104.5,119.4,68.2,-0.027,75.2,43.4,33.4,70.2,10.7,24.5,35.2,13.2,6.2,3.6,10.9,16.8
2025-26-Massachusetts,2025-26,Massachusetts,MAC,,203,201,220,204,15-15,7-11,8-4,2-8,279,352,0-2,1-1,5-7,9-5,108.9,111.8,70.0,-0.057,80.5,46.9,35.4,67.4,11.9,25.4,37.4,17.4,6.6,2.2,13.1,21.1
2025-26-Utah St.,2025-26,Utah St.,Mountain West,,29,28,71,116,24-6,15-5,9-1,7-5,87,190,3-4,8-1,8-1,5-0,123.1,103.6,67.6,0.063,83.0,50.1,36.3,70.9,11.0,23.5,34.5,17.7,8.6,2.9,10.6,18.9
2025-26-Stonehill,2025-26,Stonehill,NEC,,332,332,359,273,10-21,9-11,1-10,4-15,341,224,0-1,0-2,0-4,10-14,92.0,109.4,66.3,-0.007,66.4,41.5,32.2,68.6,10.0,27.5,37.6,12.5,4.8,3.9,13.0,16.2
2025-26-Kent St.,2025-26,Kent St.,MAC,,146,146,196,197,21-8,14-4,7-4,7-5,221,293,0-2,0-2,10-3,11-1,112.3,111.1,70.4,0.151,85.6,45.6,36.1,74.0,13.0,26.7,39.7,16.4,6.8,3.6,13.6,19.5
2025-26-Clemson,2025-26,Clemson,ACC,,36,35,65,114,22-9,12-6,10-3,6-5,68,82,5-5,6-4,4-0,7-0,116.5,97.4,64.0,0.003,74.4,45.6,34.0,72.4,9.5,25.2,34.7,12.9,6.3,2.8,9.6,16.0
2025-26-Alabama St.,2025-26,Alabama St.,SWAC,,321,321,318,247,9-21,7-11,2-10,4-15,227,57,0-5,1-2,0-1,8-13,99.6,114.0,69.4,-0.071,73.2,41.7,31.9,69.4,12.5,23.7,36.2,12.4,8.2,3.8,13.1,19.1
2025-26-Northern Colo.,2025-26,Northern Colo.,Big Sky,,137,138,217,203,17-11,10-8,7-3,8-7,246,217,1-1,0-1,6-5,10-4,112.6,110.7,68.7,-0.024,82.5,49.0,36.2,75.9,9.4,27.2,36.6,16.6,4.3,2.7,10.9,17.9
2025-26-William & Mary,2025-26,William & Mary,CAA,,122,124,211,201,18-11,11-8,7-3,6-9,237,204,0-1,1-1,4-6,13-3,111.3,109.8,72.6,0.024,83.1,48.0,33.2,74.5,8.9,26.0,34.9,17.9,8.0,3.9,12.1,17.6
2025-26-UIC,2025-26,UIC,MVC,,108,113,121,163,17-14,14-8,3-6,7-8,139,282,0-2,4-4,6-7,7-1,110.8,104.7,66.3,-0.061,75.5,45.5,32.3,73.0,12.9,23.5,36.4,14.5,8.0,3.6,12.0,16.8
2025-26-Abilene Christian,2025-26,Abilene Christian,WAC,,247,245,146,175,10-18,5-13,5-5,3-12,127,104,0-2,0-5,2-6,8-5,101.3,107.7,67.7,0.039,70.2,43.7,31.5,70.6,11.2,20.6,31.8,13.2,9.7,2.8,14.3,20.9
2025-26-St. John's (NY),2025-26,St. John's (NY),Big East,,22,22,13,89,25-6,18-2,7-4,9-1,66,39,4-5,9-0,9-1,3-0,120.0,95.4,69.7,0.06,81.9,45.2,33.8,72.4,13.2,25.5,38.7,16.4,7.9,4.8,10.5,17.3
2025-26-Western Ky.,2025-26,Western Ky.,CUSA,,157,144,152,177,16-13,11-9,5-4,5-7,191,124,0-2,2-2,3-7,11-2,108.7,108.3,69.7,0.017,79.0,41.2,33.8,75.8,12.9,26.2,39.1,13.4,7.7,2.4,10.3,19.7
2025-26-Kennesaw St.,2025-26,Kennesaw St.,CUSA,,168,167,200,198,15-13,10-10,5-3,4-8,243,271,0-1,0-3,4-6,11-3,110.2,111.1,71.3,-0.009,83.5,44.4,35.0,68.8,14.1,26.5,40.6,14.5,6.9,5.4,11.9,20.1
2025-26-Delaware St.,2025-26,Delaware St.,MEAC,,362,362,353,267,4-21,2-12,2-9,2-14,328,213,0-1,0-2,0-5,4-13,87.8,114.8,65.7,-0.006,61.4,39.6,29.7,69.4,9.9,21.3,31.2,10.6,7.8,1.8,13.1,17.1
2025-26-Niagara,2025-26,Niagara,MAAC,,341,341,322,248,7-22,5-15,2-7,2-14,313,169,0-2,0-0,0-5,7-15,99.9,118.5,62.1,-0.038,63.9,44.1,33.4,72.5,8.0,21.2,29.2,14.0,5.6,2.9,11.9,15.2
2025-26-Hofstra,2025-26,Hofstra,CAA,,91,92,184,192,19-10,12-6,7-4,9-8,222,210,0-1,2-2,6-4,11-3,114.9,105.4,64.7,-0.052,75.6,44.2,36.8,74.6,12.4,26.9,39.3,12.8,5.0,3.7,10.6,17.2
2025-26-Florida A&M,2025-26,Florida A&M,SWAC,,315,315,341,258,12-15,11-7,1-8,5-11,264,40,0-4,0-0,0-2,12-9,98.4,111.5,68.2,0.087,70.4,43.5,32.4,69.1,10.8,23.3,34.2,12.8,8.1,3.0,15.0,18.2
2025-26-Montana St.,2025-26,Montana St.,Big Sky,,127,130,171,187,15-13,12-6,3-7,6-11,179,71,0-4,0-0,7-5,8-4,111.3,108.3,65.9,-0.083,77.9,46.7,37.1,74.5,9.3,23.8,33.1,11.4,6.8,2.8,10.0,15.7
2025-26-Arkansas St.,2025-26,Arkansas St.,Sun Belt,,153,154,231,209,18-12,11-8,7-4,9-7,251,146,0-2,0-1,9-2,9-7,111.0,109.6,72.0,0.008,83.0,45.1,33.3,73.3,14.3,27.1,41.3,15.8,7.5,2.6,14.3,18.6
2025-26-Stony Brook,2025-26,Stony Brook,CAA,,232,228,209,200,15-15,9-10,6-5,4-9,285,324,0-1,0-2,5-7,10-5,105.5,111.1,66.2,0.064,71.7,42.4,34.9,72.2,10.3,24.4,34.7,13.3,6.8,3.7,11.3,16.1
2025-26-LIU,2025-26,LIU,NEC,,199,196,347,263,23-10,17-3,6-7,10-9,311,153,0-2,0-2,1-3,22-3,106.0,109.9,67.8,0.104,74.1,48.1,36.1,66.8,11.4,23.6,35.0,13.6,7.8,5.4,13.0,17.6
2025-26-Arizona St.,2025-26,Arizona St.,Big 12,,67,66,10,86,16-15,7-11,9-4,2-9,18,60,4-11,4-3,4-0,4-1,116.0,103.6,69.2,0.062,76.3,44.7,33.4,75.3,10.2,23.0,33.2,13.7,7.0,4.6,12.1,17.4
2025-26-Idaho St.,2025-26,Idaho St.,Big Sky,,235,239,169,186,10-19,6-13,4-6,3-12,199,128,0-2,0-3,3-9,7-5,109.8,116.9,65.5,-0.035,74.5,45.2,33.0,73.8,11.0,22.3,33.3,11.9,5.2,4.2,11.1,17.7
2025-26-UNC Greensboro,2025-26,UNC Greensboro,SoCon,,293,296,273,227,13-18,11-9,2-9,4-9,305,246,0-1,0-3,1-5,12-9,108.0,120.2,67.7,0.056,78.6,45.8,36.1,70.7,10.1,25.4,35.4,12.8,5.6,1.9,10.2,16.1
2025-26-Utah,2025-26,Utah,Big 12,,132,127,20,93,10-21,2-16,8-5,1-10,40,242,1-13,2-5,2-2,5-1,114.9,111.4,66.0,-0.012,74.3,45.4,35.3,73.8,10.0,23.6,33.6,13.7,5.3,3.4,11.4,16.2
2025-26-Lafayette,2025-26,Lafayette,Patriot,,324,324,307,243,10-21,8-11,2-10,5-11,321,231,0-2,0-2,1-5,9-12,101.1,116.3,66.7,0.009,69.4,42.8,32.1,69.0,9.3,23.8,33.1,13.6,5.6,2.3,10.4,16.3
2025-26-Drexel,2025-26,Drexel,CAA,,209,211,234,211,16-15,11-8,5-7,4-9,307,359,0-0,0-4,3-7,13-4,102.7,107.4,64.2,0.003,68.1,43.8,35.0,66.1,10.8,24.4,35.2,13.3,6.1,3.7,12.5,16.8
2025-26-George Washington,2025-26,George Washington,Atlantic 10,,89,87,114,159,16-14,8-10,8-4,3-7,111,211,1-4,0-4,8-3,7-3,118.2,108.4,69.1,-0.148,82.6,46.9,35.5,72.5,12.7,24.9,37.7,15.7,7.6,3.5,12.8,17.9
2025-26-UTSA,2025-26,UTSA,American,,342,342,114,159,3-24,1-16,2-8,2-11,119,165,0-4,0-3,1-8,2-9,99.9,118.6,68.6,-0.001,69.5,39.8,29.7,69.1,12.3,23.9,36.2,10.9,6.6,4.3,12.0,17.0
2025-26-North Ala.,2025-26,North Ala.,ASUN,,338,338,283,231,7-21,4-15,3-6,4-12,306,215,0-1,1-1,1-6,5-13,99.9,119.1,64.8,0.057,69.4,43.6,30.5,68.8,11.0,22.4,33.4,10.1,6.5,3.8,11.4,14.8
2025-26-South Fla.,2025-26,South Fla.,American,,50,49,101,147,21-8,14-3,7-5,9-3,103,89,2-2,5-3,7-3,7-0,117.8,102.5,71.6,-0.026,88.4,44.0,33.1,74.2,15.5,27.3,42.8,17.4,9.1,4.2,11.2,19.6
2025-26-Brown,2025-26,Brown,Ivy League,,297,295,226,207,7-18,3-11,4-7,3-10,274,357,0-1,0-2,0-9,7-6,98.3,109.1,66.4,-0.05,70.4,44.4,31.7,68.3,10.8,24.3,35.0,15.6,8.0,3.8,12.9,18.0
2025-26-Idaho,2025-26,Idaho,Big Sky,,163,166,211,201,15-14,10-9,5-5,7-9,292,302,0-0,0-3,7-8,8-3,109.2,107.6,67.7,-0.012,78.7,44.8,35.6,73.5,10.7,26.7,37.4,12.5,5.9,2.3,10.6,18.2
2025-26-Ohio St.,2025-26,Ohio St.,Big Ten,,30,32,39,99,20-11,12-8,8-3,5-6,24,159,3-10,6-1,5-0,6-0,124.5,102.8,66.3,-0.029,80.5,49.5,36.3,77.5,9.4,24.3,33.7,14.4,4.9,2.4,10.5,17.8
2025-26-Ga. Southern,2025-26,Ga. Southern,Sun Belt,,221,229,283,231,18-15,12-10,6-5,7-8,349,351,0-1,0-0,4-6,14-8,110.5,116.6,70.1,0.057,80.9,43.8,33.7,74.5,10.8,23.4,34.1,11.2,8.1,3.6,10.4,19.2
2025-26-Indiana,2025-26,Indiana,Big Ten,,37,37,49,103,18-13,9-11,9-2,3-8,29,223,3-11,3-2,5-0,7-0,120.7,103.6,66.0,-0.041,78.2,47.4,34.7,78.0,8.2,24.2,32.4,16.6,4.7,2.7,10.2,18.3
2025-26-Saint Joseph's,2025-26,Saint Joseph's,Atlantic 10,,125,125,136,169,19-10,13-5,6-5,6-7,125,287,0-3,2-3,9-2,8-2,107.0,103.0,68.3,0.093,73.7,43.1,30.6,74.2,11.6,27.3,38.9,15.6,5.5,4.9,11.8,14.2
2025-26-Monmouth,2025-26,Monmouth,CAA,,175,173,217,203,16-14,11-7,5-7,6-9,265,322,0-1,0-3,6-5,10-5,106.4,107.3,67.1,0.013,72.7,43.9,34.4,74.7,11.1,23.9,35.0,13.9,7.8,4.3,11.4,15.9
2025-26-Southern U.,2025-26,Southern U.,SWAC,,277,278,307,243,12-16,11-7,1-9,7-12,160,5,0-5,0-2,0-1,12-8,104.7,114.2,70.4,0.043,80.1,45.3,34.7,69.9,11.7,23.9,35.6,14.8,9.5,3.7,12.0,19.0
2025-26-Louisiana Tech,2025-26,Louisiana Tech,CUSA,,215,236,217,203,15-13,11-9,4-4,4-10,290,340,0-1,1-1,3-9,11-2,102.3,105.6,64.5,0.04,69.9,44.4,30.3,65.9,13.0,25.6,38.6,12.7,7.5,4.9,12.6,16.2
2025-26-Oklahoma St.,2025-26,Oklahoma St.,Big 12,,78,80,35,98,18-13,6-12,12-1,2-7,41,253,2-10,7-3,2-0,7-0,120.3,107.7,72.0,0.052,84.3,46.0,33.8,75.1,11.5,26.5,38.0,14.8,7.2,2.6,11.9,17.3
2025-26-Portland St.,2025-26,Portland St.,Big Sky,,139,139,204,199,16-10,13-5,3-5,8-7,247,189,0-2,0-2,7-3,9-3,103.9,102.3,68.0,0.008,76.6,46.0,32.5,70.8,11.2,25.7,36.9,14.5,7.6,3.8,11.6,19.7
2025-26-Seattle U,2025-26,Seattle U,WCC,,123,119,124,164,18-13,9-11,9-2,5-7,108,325,1-5,1-1,3-6,13-1,102.6,98.0,67.6,0.017,71.9,43.9,32.8,70.4,9.2,23.8,32.9,13.3,8.0,4.8,11.6,16.5
2025-26-Butler,2025-26,Butler,Big East,,82,88,54,108,16-15,7-13,9-2,3-8,70,164,2-6,3-7,6-2,5-0,116.4,107.0,68.7,-0.031,79.4,45.2,32.7,71.9,12.4,25.4,37.8,15.5,6.5,3.2,11.3,15.3
2025-26-Lamar University,2025-26,Lamar University,Southland,,250,250,245,213,10-19,7-15,3-4,5-10,225,168,0-3,0-3,1-5,9-8,103.4,109.7,65.6,-0.089,69.9,42.9,32.9,70.2,13.2,24.1,37.3,14.5,6.5,4.4,12.0,17.3
2025-26-Michigan St.,2025-26,Michigan St.,Big Ten,,11,11,15,90,25-5,15-4,10-1,6-3,23,62,9-5,5-0,7-0,4-0,122.9,94.0,65.9,0.019,78.8,47.1,35.5,76.2,12.6,27.4,40.0,18.3,5.2,4.2,11.5,16.4
2025-26-Longwood,2025-26,Longwood,Big South,,266,265,311,244,13-16,8-9,5-7,4-10,330,348,0-1,0-3,1-4,12-8,103.8,112.9,68.4,-0.036,77.7,45.9,31.5,74.0,12.2,25.0,37.2,12.7,8.7,2.3,13.9,19.6
2025-26-Mercer,2025-26,Mercer,SoCon,,182,172,260,221,16-13,11-8,5-5,5-11,233,79,0-3,0-2,2-4,14-4,112.1,114.1,68.9,-0.021,82.7,46.3,34.9,72.3,12.3,25.3,37.6,13.8,7.9,3.4,10.4,15.5
2025-26-Rhode Island,2025-26,Rhode Island,Atlantic 10,,144,136,132,168,16-15,7-11,9-4,4-7,129,290,3-1,1-5,5-6,7-3,106.1,103.3,65.9,-0.039,70.2,43.4,30.2,72.6,10.6,22.2,32.7,11.4,8.7,3.7,12.7,18.2
2025-26-TCU,2025-26,TCU,Big 12,,40,42,74,118,21-10,11-7,10-3,5-5,49,163,5-7,6-1,3-1,7-1,115.8,98.2,67.4,0.017,78.5,45.0,33.0,70.6,12.4,23.6,36.1,15.8,7.8,4.6,10.8,16.1
2025-26-Denver,2025-26,Denver,Summit League,,242,242,196,197,12-17,8-9,4-8,6-11,151,54,0-3,3-3,2-3,7-8,116.3,122.3,67.9,0.007,82.8,48.0,38.0,77.3,10.4,23.6,34.0,11.6,4.6,2.0,9.8,18.0
2025-26-Eastern Ky.,2025-26,Eastern Ky.,ASUN,,292,291,251,215,9-21,7-12,2-9,3-13,258,130,0-1,0-3,1-7,8-10,109.5,121.2,67.3,-0.017,80.3,43.7,35.4,72.5,12.7,23.3,36.0,14.6,7.0,3.1,11.8,18.5
2025-26-McNeese,2025-26,McNeese,Southland,,62,61,226,207,24-5,19-3,5-2,9-5,209,28,0-2,1-2,7-0,16-1,114.7,102.1,66.1,0.084,80.0,46.8,31.9,74.7,12.7,22.5,35.2,14.2,10.5,4.3,9.6,18.8
2025-26-Cal Poly,2025-26,Cal Poly,Big West,,231,232,149,176,12-18,10-10,2-8,6-11,181,122,0-1,3-4,4-6,5-7,109.7,113.3,74.0,-0.003,82.1,43.3,33.1,78.7,11.3,26.9,38.2,13.7,6.6,2.2,15.2,19.3
2025-26-Charlotte,2025-26,Charlotte,American,,176,178,142,173,14-15,9-8,5-7,4-7,155,234,0-3,0-5,4-5,10-2,112.8,115.1,63.4,0.01,73.3,46.0,34.7,71.6,10.9,23.3,34.2,12.9,4.6,3.4,12.0,17.3
2025-26-Fresno St.,2025-26,Fresno St.,Mountain West,,149,142,95,140,12-18,7-13,5-5,2-10,91,269,0-7,0-7,5-2,7-2,107.7,104.6,68.2,-0.078,72.8,44.5,32.0,74.5,9.6,24.9,34.5,12.8,6.7,2.2,12.7,16.7
2025-26-St. Bonaventure,2025-26,St. Bonaventure,Atlantic 10,,158,153,112,157,14-16,4-14,10-2,4-7,132,317,0-4,1-3,6-7,7-2,114.6,113.1,67.4,-0.044,77.2,46.9,37.7,75.0,12.1,23.5,35.6,16.2,7.5,4.6,11.5,16.3
2025-26-Western Mich.,2025-26,Western Mich.,MAC,,281,283,184,192,9-20,4-14,5-6,3-13,150,216,0-4,0-2,2-8,7-6,108.0,117.3,67.6,-0.036,74.8,44.0,35.1,74.2,11.0,25.3,36.3,12.6,4.6,2.6,12.1,18.7
2025-26-South Carolina St.,2025-26,South Carolina St.,MEAC,,356,357,332,254,7-21,7-7,0-14,3-16,238,119,0-3,0-2,0-4,7-12,95.3,119.5,68.2,0.022,66.6,41.0,33.8,66.6,11.0,19.9,30.9,12.1,7.0,3.7,14.6,21.2
2025-26-Southern Miss.,2025-26,Southern Miss.,Sun Belt,,213,221,241,212,17-15,12-9,5-6,4-11,281,203,0-2,0-2,4-7,13-4,105.5,109.7,69.3,0.043,74.7,45.1,30.0,73.3,11.3,25.4,36.7,11.5,7.4,3.8,12.9,19.3
2025-26-Louisiana,2025-26,Louisiana,Sun Belt,,312,313,253,216,11-22,8-12,3-10,3-13,271,236,0-3,0-0,2-10,9-9,100.5,113.7,63.2,0.033,63.7,40.3,33.6,70.4,9.8,20.5,30.3,10.3,5.8,3.5,10.8,19.1
2025-26-Utah Valley,2025-26,Utah Valley,WAC,,84,85,158,181,21-7,14-4,7-3,6-7,226,193,0-2,0-1,9-2,12-2,113.6,104.4,68.9,0.042,81.2,50.5,34.1,70.0,12.1,24.8,36.9,18.9,9.6,5.6,14.1,18.6
2025-26-Creighton,2025-26,Creighton,Big East,,81,81,28,95,15-16,9-11,6-5,4-8,50,44,2-8,3-5,5-3,5-0,117.1,105.7,67.4,-0.022,75.6,45.2,35.0,76.1,9.5,25.6,35.1,15.5,5.9,2.6,11.4,14.2
2025-26-Tennessee Tech,2025-26,Tennessee Tech,OVC,,307,307,322,248,10-18,8-12,2-6,5-12,303,102,0-2,0-0,1-5,9-11,102.8,116.2,66.8,-0.028,73.3,44.3,31.5,75.9,10.9,25.3,36.2,12.2,5.9,3.0,13.3,16.2
2025-26-Wichita St.,2025-26,Wichita St.,American,,80,84,125,165,20-10,13-5,7-5,7-4,117,195,1-3,4-3,4-3,11-1,113.3,103.9,66.3,-0.044,78.3,44.4,34.0,69.1,14.8,26.2,41.0,11.6,6.1,4.0,10.3,17.4
2025-26-Illinois,2025-26,Illinois,Big Ten,,5,5,12,88,23-7,14-5,9-2,7-2,15,38,7-7,7-0,4-0,5-0,131.9,99.1,65.5,-0.035,84.3,46.1,34.9,79.3,13.3,27.5,40.8,14.6,3.8,4.7,9.0,13.1
2025-26-Georgia St.,2025-26,Georgia St.,Sun Belt,,306,306,234,211,8-22,7-12,1-10,3-12,299,262,0-2,0-0,3-10,5-10,99.7,112.6,67.8,-0.04,70.4,38.4,31.8,78.4,10.7,24.4,35.1,11.6,6.9,3.2,10.9,18.4
2025-26-Evansville,2025-26,Evansville,MVC,,305,305,84,128,5-25,3-18,2-7,1-12,104,112,0-2,0-10,4-10,1-3,102.3,115.1,67.0,-0.011,67.0,42.8,32.8,73.1,7.8,23.6,31.3,13.1,5.3,3.3,12.9,16.0
2025-26-Notre Dame,2025-26,Notre Dame,ACC,,95,91,53,105,13-18,4-14,9-4,2-9,42,80,2-10,2-6,2-1,7-1,115.8,106.9,66.0,-0.059,74.5,44.5,35.6,69.7,11.1,25.5,36.6,12.3,4.5,2.2,11.5,17.9
2025-26-Morehead St.,2025-26,Morehead St.,OVC,,263,255,301,241,17-13,16-6,1-7,7-10,270,45,0-3,0-2,1-3,16-5,107.2,117.6,65.4,0.16,75.3,46.2,33.3,73.4,12.3,23.8,36.0,13.4,6.5,3.1,11.8,17.3
2025-26-Pittsburgh,2025-26,Pittsburgh,ACC,,110,114,46,102,12-19,5-13,7-6,3-8,55,129,2-9,2-6,3-3,5-1,114.1,106.5,63.5,-0.067,70.5,43.9,33.4,67.4,11.8,22.7,34.5,13.2,6.5,3.1,11.2,16.3
2025-26-Robert Morris,2025-26,Robert Morris,Horizon,,135,137,257,219,20-10,14-7,6-3,8-7,314,258,0-1,1-0,8-3,11-6,111.0,109.4,64.4,0.029,77.4,47.4,37.3,69.2,13.2,24.5,37.7,17.7,5.8,2.6,12.5,18.0
2025-26-Belmont,2025-26,Belmont,MVC,,63,63,137,170,25-6,16-5,9-1,11-3,195,341,0-0,5-2,11-4,9-0,121.0,108.8,68.9,0.035,83.9,51.4,40.3,68.5,9.1,26.8,36.0,18.6,6.1,3.4,12.6,17.6
2025-26-UCLA,2025-26,UCLA,Big Ten,,34,36,46,102,21-10,13-7,8-3,4-6,37,135,4-8,6-2,4-0,7-0,124.0,102.8,64.4,0.015,78.0,47.2,38.2,76.3,10.1,22.4,32.5,16.1,6.3,2.9,9.0,17.3
2025-26-Canisius,2025-26,Canisius,MAAC,,343,343,311,244,9-21,5-15,4-6,3-13,344,279,0-1,0-1,0-7,9-12,95.6,114.8,64.2,0.019,62.9,40.1,33.1,71.8,10.3,23.1,33.5,12.0,4.9,2.6,12.7,17.5
2025-26-Columbia,2025-26,Columbia,Ivy League,,183,184,226,207,14-12,5-9,9-3,7-7,210,291,0-3,0-1,4-5,10-3,108.8,110.8,66.7,0.012,76.6,47.5,35.5,68.8,12.8,26.4,39.3,15.8,5.9,3.0,13.0,16.5
2025-26-Dayton,2025-26,Dayton,Atlantic 10,,74,75,97,143,21-10,12-6,9-4,6-5,99,115,1-5,5-2,7-3,8-0,111.5,100.8,67.1,0.034,75.1,45.3,33.9,75.1,8.7,23.8,32.5,14.4,8.5,4.1,12.1,16.6
2025-26-Virginia Tech,2025-26,Virginia Tech,ACC,,54,55,46,102,19-12,8-10,11-2,3-7,56,197,2-10,6-2,4-0,7-0,117.6,104.0,67.0,-0.01,78.8,45.2,35.5,74.3,11.0,23.8,34.8,14.4,6.4,3.2,10.4,17.1
2025-26-James Madison,2025-26,James Madison,Sun Belt,,208,209,251,215,17-15,10-10,7-5,5-10,267,209,0-2,0-1,5-5,12-7,109.4,113.3,66.0,0.017,74.5,45.5,34.8,70.6,10.6,26.1,36.7,12.5,5.2,4.2,11.7,18.8
2025-26-Kansas,2025-26,Kansas,Big 12,,19,20,1,68,22-9,12-6,10-3,5-6,2,17,8-8,7-1,3-0,4-0,119.6,94.2,67.5,0.038,76.5,46.2,35.4,76.7,9.9,28.9,38.8,14.7,5.5,5.9,10.8,14.6
2025-26-Missouri,2025-26,Missouri,SEC,,60,59,77,120,20-11,10-8,10-3,5-7,43,212,5-7,5-4,2-0,8-0,119.9,104.5,66.1,0.055,79.9,49.1,34.9,68.7,11.6,24.0,35.6,14.3,6.6,3.5,12.3,17.5
2025-26-Princeton,2025-26,Princeton,Ivy League,,249,248,160,182,8-20,5-9,3-11,1-12,178,241,0-3,1-0,2-10,5-7,105.7,112.8,63.4,-0.077,68.6,42.4,34.1,75.2,9.4,23.9,33.3,12.8,4.8,2.2,11.0,16.5
2025-26-SIUE,2025-26,SIUE,OVC,,261,261,360,274,16-13,12-9,4-4,8-7,360,323,0-1,0-0,2-2,14-10,99.8,107.4,64.4,-0.007,71.0,44.5,34.7,67.5,10.9,25.7,36.7,13.2,7.6,3.9,11.7,16.1
2025-26-Western Ill.,2025-26,Western Ill.,OVC,,364,364,327,250,2-26,1-19,1-7,1-15,346,245,0-1,0-1,0-4,2-20,93.2,121.7,66.6,-0.052,64.9,40.3,31.4,66.5,10.4,21.5,31.9,8.4,5.2,2.0,11.8,16.1
2025-26-Milwaukee,2025-26,Milwaukee,Horizon,,253,254,191,195,11-20,8-13,3-7,3-14,164,26,0-4,0-3,2-6,9-7,106.8,115.6,67.3,0.013,76.3,44.4,32.3,69.0,12.6,23.5,36.0,13.3,6.8,2.9,10.4,18.9
2025-26-Southern Ind.,2025-26,Southern Ind.,OVC,,344,344,335,255,5-23,4-16,1-7,4-11,356,320,0-0,0-1,1-5,4-17,95.9,114.5,67.5,-0.105,68.7,38.6,31.0,65.6,13.2,24.3,37.5,10.3,6.3,4.2,12.0,17.2
2025-26-Pepperdine,2025-26,Pepperdine,WCC,,273,273,108,152,7-23,4-15,3-8,2-11,102,311,0-6,0-2,2-10,5-5,105.6,113.7,68.6,-0.018,72.3,42.7,31.7,75.0,11.1,22.8,33.9,14.1,6.0,2.8,12.8,15.5
2025-26-San Diego St.,2025-26,San Diego St.,Mountain West,,48,48,71,116,19-10,14-6,5-4,5-5,80,43,2-7,5-2,6-1,6-0,114.9,98.3,68.9,0.004,79.4,47.8,35.7,74.8,9.9,25.0,34.9,15.4,7.7,4.5,12.0,19.0
2025-26-St. Thomas (MN),2025-26,St. Thomas (MN),Summit League,,104,101,276,229,21-9,13-5,8-4,8-6,317,280,0-1,0-2,6-2,15-4,114.3,108.4,68.3,-0.034,82.7,51.0,36.5,68.1,7.1,26.3,33.4,17.1,7.5,2.6,9.4,15.6
2025-26-Texas,2025-26,Texas,SEC,,41,39,56,109,17-13,9-9,8-4,4-6,14,69,6-9,2-3,2-1,7-0,125.2,106.2,66.9,-0.083,83.8,48.6,35.3,75.2,12.0,25.7,37.7,12.3,5.8,2.9,11.0,18.8
2025-26-Jacksonville St.,2025-26,Jacksonville St.,CUSA,,212,216,191,195,12-16,10-10,2-6,5-8,293,349,0-0,1-2,4-8,7-6,105.6,108.9,65.3,-0.057,72.7,43.9,35.8,68.5,10.9,25.8,36.8,12.1,6.2,3.1,11.4,17.2
2025-26-Radford,2025-26,Radford,Big South,,251,252,268,224,13-16,9-8,4-8,4-8,232,199,0-2,0-4,0-5,13-5,106.6,114.3,70.6,-0.036,81.4,44.8,34.2,70.6,11.7,24.2,35.9,13.0,7.9,3.5,12.5,18.4
2025-26-Boston College,2025-26,Boston College,ACC,,159,162,83,127,11-20,4-14,7-6,1-10,81,354,0-8,1-7,5-2,5-3,104.1,103.0,65.9,-0.035,67.4,40.8,29.4,65.3,10.7,25.9,36.6,11.3,4.8,4.1,10.4,16.8
2025-26-Nebraska,2025-26,Nebraska,Big Ten,,12,12,54,108,25-5,14-5,11-0,7-3,52,305,8-5,5-0,6-0,6-0,119.5,92.5,66.8,0.028,77.9,46.7,35.4,75.5,8.7,26.4,35.1,18.1,7.4,2.6,9.7,14.3
2025-26-Penn,2025-26,Penn,Ivy League,,148,149,167,185,15-11,9-5,6-6,4-8,192,229,0-2,0-3,5-4,10-2,107.9,107.2,69.2,0.044,76.2,44.2,38.2,68.6,11.7,24.9,36.6,13.9,6.8,3.1,10.9,16.9
2025-26-Middle Tenn.,2025-26,Middle Tenn.,CUSA,,154,160,129,166,14-14,11-9,3-5,5-8,137,16,0-2,0-4,7-5,7-3,109.6,109.5,65.6,0.018,75.6,44.6,33.9,70.6,11.1,25.2,36.4,14.4,6.2,4.3,11.4,17.1
2025-26-Mississippi St.,2025-26,Mississippi St.,SEC,,111,108,22,94,13-18,5-13,8-5,4-6,32,183,2-11,3-5,3-2,5-0,112.9,105.9,69.6,-0.001,77.6,45.0,32.4,66.0,11.3,26.9,38.2,12.8,5.8,4.4,11.6,16.2
2025-26-Valparaiso,2025-26,Valparaiso,MVC,,156,157,125,165,17-15,12-10,5-5,4-10,120,227,0-3,1-7,7-3,9-2,108.5,107.5,65.1,0.041,72.0,42.0,34.0,70.7,12.0,24.2,36.2,12.1,6.0,3.5,10.5,17.8
2025-26-Marist,2025-26,Marist,MAAC,,180,179,335,255,18-11,13-8,5-3,7-7,364,355,0-0,0-1,0-7,18-3,99.9,103.0,66.3,-0.027,69.7,44.1,32.8,78.3,10.0,25.8,35.9,15.3,7.0,3.1,11.2,16.8
2025-26-New Haven,2025-26,New Haven,NEC,,325,326,339,256,11-17,9-9,2-8,5-11,277,75,0-3,0-0,0-4,11-10,96.4,112.6,63.3,0.041,64.9,44.1,31.3,68.8,7.8,23.5,31.4,12.1,6.5,2.3,11.1,13.9
2025-26-Gonzaga,2025-26,Gonzaga,WCC,,6,6,93,137,28-3,16-2,12-1,8-2,84,32,6-2,4-0,10-1,8-0,122.3,94.1,68.6,0.072,85.1,51.0,34.0,69.9,12.0,27.9,39.9,18.3,8.5,3.7,9.7,16.8
2025-26-Iona,2025-26,Iona,MAAC,,241,238,318,247,18-14,10-11,8-3,6-8,337,260,0-1,0-1,3-4,15-8,104.3,112.0,68.7,0.041,73.8,43.8,35.1,70.7,9.9,25.7,35.6,14.0,6.6,3.0,12.0,16.2
2025-26-Oklahoma,2025-26,Oklahoma,SEC,,55,56,65,114,17-14,7-11,10-3,4-7,27,126,4-9,5-5,1-0,7-0,124.3,107.2,66.4,-0.06,82.8,47.2,37.4,74.3,11.3,24.0,35.4,14.2,6.4,3.8,10.1,17.6
2025-26-Alcorn,2025-26,Alcorn,SWAC,,352,352,291,236,8-22,7-11,1-11,2-18,187,23,0-6,0-1,0-4,8-11,96.5,116.9,67.2,0.039,66.9,42.0,33.3,70.8,9.4,20.8,30.2,11.1,7.7,3.4,13.6,17.7
2025-26-FDU,2025-26,FDU,NEC,,334,334,339,256,8-21,8-11,0-10,3-15,272,70,0-3,0-1,0-4,8-13,101.1,118.8,63.9,-0.006,67.2,41.3,31.0,70.6,12.0,23.3,35.3,12.1,5.0,1.5,11.8,17.4
2025-26-Grambling,2025-26,Grambling,SWAC,,302,302,350,265,11-18,7-11,4-7,4-13,312,150,0-2,0-1,1-3,10-12,97.1,108.9,67.5,-0.053,70.3,43.0,31.8,73.2,10.3,23.2,33.5,12.0,8.1,2.8,14.6,18.7
2025-26-Loyola Chicago,2025-26,Loyola Chicago,Atlantic 10,,289,304,104,148,8-23,4-14,4-9,1-9,106,296,1-4,0-6,3-9,4-4,104.0,114.4,65.6,0.066,67.0,42.4,31.9,67.8,10.2,23.7,33.9,13.8,4.0,3.7,13.1,16.9
2025-26-The Citadel,2025-26,The Citadel,SoCon,,345,347,268,224,8-22,8-12,0-10,3-12,332,315,0-0,0-3,0-9,8-10,101.0,121.3,64.4,0.028,70.4,42.3,32.7,67.3,10.5,22.5,32.9,12.8,5.5,2.5,10.4,16.3
2025-26-SFA,2025-26,SFA,Southland,,86,86,283,231,25-4,20-2,5-2,12-3,336,353,0-1,2-0,4-2,19-1,113.0,104.5,65.8,0.029,76.4,44.9,36.3,68.1,12.5,24.8,37.3,13.7,6.9,3.7,9.2,15.8
2025-26-Sacramento St.,2025-26,Sacramento St.,Big Sky,,270,267,132,168,7-21,6-13,1-8,0-16,153,52,0-3,0-3,2-12,5-3,106.2,114.5,71.6,-0.022,77.7,42.1,33.3,77.7,9.6,24.7,34.3,13.0,7.6,3.2,10.4,18.6
2025-26-Towson,2025-26,Towson,CAA,,169,169,162,184,16-14,10-9,6-5,3-10,166,85,0-3,1-2,5-6,10-3,106.1,105.0,63.4,0.012,69.2,42.3,30.3,69.5,13.5,25.6,39.2,10.2,6.0,3.4,10.4,15.7
2025-26-Saint Peter's,2025-26,Saint Peter's,MAAC,,233,231,307,243,16-12,14-7,2-5,4-10,318,152,0-2,0-1,3-2,13-7,103.3,110.9,65.5,0.066,70.8,41.2,31.9,73.3,13.8,21.9,35.7,13.0,9.0,3.9,11.6,20.0
2025-26-Ole Miss,2025-26,Ole Miss,SEC,,92,89,51,104,12-19,4-14,8-5,3-7,22,142,2-13,2-3,1-3,7-0,114.3,103.2,66.1,-0.09,75.3,44.3,32.7,75.1,10.2,23.9,34.1,13.8,7.2,4.3,9.6,19.3
2025-26-Utah Tech,2025-26,Utah Tech,WAC,,172,168,153,178,15-14,11-7,4-7,6-10,122,76,0-3,0-5,5-3,10-3,111.0,112.6,65.9,0.096,76.9,47.1,34.5,72.5,9.7,24.6,34.3,14.4,7.2,3.2,12.2,16.2
2025-26-Yale,2025-26,Yale,Ivy League,,64,67,171,187,21-5,11-3,10-2,9-3,216,207,0-1,2-0,10-3,9-1,120.5,109.8,64.7,0.064,81.5,49.7,40.1,76.0,10.2,24.7,34.9,16.0,5.5,3.1,9.4,15.8
2025-26-Ark.-Pine Bluff,2025-26,Ark.-Pine Bluff,SWAC,,317,317,291,236,11-18,10-8,1-10,6-14,148,8,0-6,1-1,0-3,10-8,103.6,116.9,69.1,0.038,77.1,45.0,34.0,75.5,10.3,23.6,33.9,15.6,7.2,3.0,13.6,19.6
2025-26-UMBC,2025-26,UMBC,America East,,206,206,365,289,20-8,15-2,5-6,9-6,351,257,0-2,0-2,0-1,20-3,108.4,110.7,66.2,0.045,76.3,47.3,36.0,75.8,8.2,27.4,35.6,12.4,5.1,2.5,9.6,13.5
2025-26-FIU,2025-26,FIU,CUSA,,188,202,154,179,12-16,8-12,4-4,3-10,171,90,0-3,0-2,4-7,8-4,108.0,110.1,71.5,-0.051,80.6,45.7,35.1,68.9,13.1,24.8,37.9,14.8,9.2,4.6,13.0,17.9
2025-26-Georgetown,2025-26,Georgetown,Big East,,96,94,61,112,14-17,6-14,8-3,4-8,69,157,0-8,4-6,4-3,6-0,114.8,104.8,66.3,-0.057,74.2,44.0,32.1,74.2,11.2,24.5,35.7,14.9,6.7,3.7,10.6,18.2
2025-26-Stanford,2025-26,Stanford,ACC,,59,62,45,101,20-11,9-9,11-2,5-5,72,278,5-6,4-2,4-3,7-0,117.5,104.0,66.7,0.03,76.0,43.8,35.6,73.1,11.3,22.5,33.7,11.9,7.9,3.7,10.6,17.7
2025-26-Toledo,2025-26,Toledo,MAC,,145,147,162,184,15-14,11-7,4-7,5-9,168,176,0-3,1-3,3-6,11-2,115.1,112.4,67.9,-0.065,81.5,48.6,36.1,76.8,10.7,23.5,34.1,16.1,7.7,3.0,10.1,14.9
2025-26-Arkansas,2025-26,Arkansas,SEC,,18,17,8,85,23-8,13-5,10-3,5-5,17,29,7-8,7-0,3-0,6-0,128.1,102.1,71.1,0.029,90.2,50.3,38.3,74.5,11.0,24.8,35.8,17.1,7.3,5.2,9.0,17.3
2025-26-Ball St.,2025-26,Ball St.,MAC,,300,298,255,218,10-19,7-11,3-8,4-11,261,332,0-2,0-2,0-9,10-6,98.8,110.1,63.7,-0.005,67.5,42.0,31.6,69.4,9.7,22.6,32.3,12.7,7.6,2.7,10.6,16.0
2025-26-Chicago St.,2025-26,Chicago St.,NEC,,340,340,275,228,6-25,5-14,1-11,2-19,183,25,0-4,0-3,0-5,6-13,99.7,119.3,65.3,-0.032,65.8,40.5,31.8,74.2,10.7,20.4,31.1,11.7,8.2,1.3,10.5,18.8
2025-26-UNCW,2025-26,UNCW,CAA,,90,90,249,214,24-5,15-3,9-2,11-2,342,362,0-0,0-1,8-3,16-1,112.2,106.4,65.1,0.028,77.0,44.6,35.7,68.7,13.2,26.8,40.0,13.5,5.3,2.4,10.0,17.2
2025-26-Wright St.,2025-26,Wright St.,Horizon,,134,135,245,213,19-11,16-5,3-6,9-5,300,206,0-1,0-3,4-5,15-2,112.4,110.4,67.2,0.009,80.7,48.8,36.1,73.6,11.3,24.1,35.4,13.8,7.4,4.4,11.3,17.4
2025-26-Troy,2025-26,Troy,Sun Belt,,138,141,231,209,18-11,12-6,6-5,9-7,257,166,1-0,2-1,4-7,11-3,111.0,109.3,64.9,0.024,80.3,44.9,33.5,73.8,12.7,25.6,38.3,16.0,8.0,3.4,11.9,16.7
2025-26-NJIT,2025-26,NJIT,America East,,327,327,335,255,15-16,11-6,4-10,8-10,287,155,0-2,0-3,2-4,13-7,96.8,113.7,67.8,0.115,67.0,40.6,30.3,70.7,9.8,24.6,34.5,10.8,6.7,3.2,11.6,18.2
2025-26-VMI,2025-26,VMI,SoCon,,359,359,280,230,3-26,1-18,2-8,1-14,310,264,0-2,0-1,0-8,3-15,98.9,125.2,66.7,-0.011,72.0,40.2,32.9,72.3,10.2,23.1,33.3,12.6,7.0,2.4,10.0,16.7
2025-26-Binghamton,2025-26,Binghamton,America East,,360,360,364,284,5-23,4-12,1-11,1-14,363,339,0-0,0-3,0-2,5-18,97.9,123.4,65.3,-0.019,67.9,45.9,32.7,74.5,6.7,24.6,31.3,11.6,5.2,3.0,12.3,16.7
2025-26-South Dakota St.,2025-26,South Dakota St.,Summit League,,210,210,225,206,11-18,7-10,4-8,4-9,208,156,0-1,0-6,1-4,10-7,108.4,112.7,66.8,-0.117,75.4,46.0,34.4,71.1,10.9,26.4,37.3,14.3,5.8,2.3,11.1,16.8
2025-26-Harvard,2025-26,Harvard,Ivy League,,150,150,241,212,16-11,10-4,6-7,9-6,231,310,1-1,0-2,5-5,10-3,107.8,106.5,63.0,0.002,70.4,46.5,35.1,79.8,8.2,23.6,31.9,14.0,7.3,3.5,10.9,13.6
2025-26-UC Santa Barbara,2025-26,UC Santa Barbara,Big West,,136,133,194,196,16-13,11-9,5-4,5-8,278,309,0-1,1-3,3-6,12-3,114.1,110.8,64.4,-0.067,77.6,46.8,37.3,76.3,10.5,24.6,35.1,14.2,6.4,2.4,12.8,18.8
2025-26-Fla. Atlantic,2025-26,Fla. Atlantic,American,,124,122,110,156,15-14,9-9,6-5,4-8,115,160,0-2,1-7,7-3,7-2,110.0,106.5,69.4,-0.022,78.9,46.1,33.6,71.1,12.1,26.6,38.8,13.3,6.0,5.5,12.3,17.3
2025-26-Weber St.,2025-26,Weber St.,Big Sky,,198,194,187,193,14-15,10-8,4-7,5-10,224,201,0-1,0-5,4-5,10-4,111.9,114.5,68.5,-0.031,81.2,46.9,34.9,73.4,11.6,25.4,37.0,13.4,7.2,1.6,11.1,18.4
2025-26-Boston U.,2025-26,Boston U.,Patriot,,264,264,343,261,15-16,11-8,4-8,5-11,357,333,0-1,0-2,1-4,14-9,112.1,120.1,63.1,-0.022,75.5,49.5,39.3,72.9,8.3,24.0,32.3,14.3,4.8,3.3,11.6,16.2
2025-26-Wake Forest,2025-26,Wake Forest,ACC,,66,65,41,100,16-15,7-11,9-4,2-7,46,98,1-9,5-5,3-1,7-0,117.3,106.0,68.1,-0.022,78.8,45.0,34.4,77.4,10.1,23.1,33.2,14.3,7.8,3.5,10.8,18.8
2025-26-West Virginia,2025-26,West Virginia,Big 12,,58,58,74,118,18-13,9-9,9-4,3-6,65,277,5-7,3-5,2-1,8-0,110.3,97.0,62.2,-0.033,69.2,44.1,32.8,67.7,10.5,24.1,34.6,12.8,6.4,2.9,11.3,15.4
2025-26-Central Ark.,2025-26,Central Ark.,ASUN,,161,161,283,231,20-11,17-3,3-8,6-10,197,35,0-4,0-1,3-1,17-5,110.5,109.3,67.9,0.041,80.9,45.7,35.0,70.9,10.8,25.1,35.9,16.3,8.8,1.9,10.9,16.4
2025-26-Jackson St.,2025-26,Jackson St.,SWAC,,348,348,288,235,11-20,10-8,1-12,4-15,118,4,0-7,0-0,0-3,11-10,100.3,119.2,69.4,0.101,70.2,38.9,31.4,75.8,11.4,22.6,34.0,10.5,6.3,3.0,13.9,19.4
2025-26-Lehigh,2025-26,Lehigh,Patriot,,286,286,318,247,14-16,12-7,2-9,4-11,308,188,0-2,0-1,1-5,13-8,103.0,113.4,66.9,0.081,73.2,46.4,35.9,73.1,7.7,24.2,31.9,14.3,6.7,3.3,12.1,16.0
2025-26-USC Upstate,2025-26,USC Upstate,Big South,,301,301,258,220,10-19,5-12,5-7,3-13,201,148,0-2,0-4,1-4,9-9,99.3,111.7,67.5,0.025,74.3,44.0,32.8,68.5,11.1,25.7,36.8,12.8,6.7,4.7,12.5,18.3
2025-26-Cleveland St.,2025-26,Cleveland St.,Horizon,,319,319,196,197,8-22,7-15,1-7,3-13,256,158,0-2,1-3,1-9,6-8,109.7,124.4,69.7,0.04,79.8,45.4,37.5,75.3,9.8,22.7,32.5,15.5,5.6,2.7,12.8,19.2
2025-26-North Florida,2025-26,North Florida,ASUN,,337,337,241,212,5-25,5-14,0-11,2-14,145,19,0-5,0-0,0-4,5-16,107.2,124.8,70.4,-0.029,79.6,44.6,35.1,77.4,9.4,22.9,32.3,13.9,5.1,1.4,12.5,18.1
2025-26-Bowling Green,2025-26,Bowling Green,MAC,,155,156,216,202,15-13,9-9,6-4,6-6,245,327,0-1,1-3,4-6,10-3,107.4,105.9,68.3,-0.079,81.5,47.4,34.6,73.4,10.3,25.9,36.2,14.2,9.8,3.6,11.5,17.9
2025-26-Bryant,2025-26,Bryant,America East,,354,353,327,250,7-22,5-12,2-10,1-17,288,139,0-2,0-1,0-7,7-12,96.9,119.9,64.2,0.009,64.8,40.6,30.4,74.7,9.8,23.5,33.3,12.1,5.9,4.2,13.1,16.5
2025-26-Georgia,2025-26,Georgia,SEC,,31,30,65,114,22-9,10-8,12-1,6-4,60,294,7-7,5-1,1-1,9-0,125.9,104.9,71.2,0.011,90.4,47.5,34.5,75.9,12.9,25.1,38.1,15.0,8.3,6.2,10.6,17.1
2025-26-Villanova,2025-26,Villanova,Big East,,33,34,35,98,24-7,15-5,9-2,9-3,71,100,2-6,8-0,10-1,4-0,121.1,100.1,65.1,0.07,77.6,45.9,35.7,69.2,11.6,23.2,34.8,15.5,7.5,2.2,10.3,16.1
2025-26-San Francisco,2025-26,San Francisco,WCC,,119,121,99,146,16-15,9-10,7-5,4-7,89,182,0-6,3-4,6-2,7-3,114.0,109.7,66.0,-0.006,74.7,43.7,34.7,71.3,10.9,25.1,36.1,13.9,5.3,3.0,10.9,17.2
2025-26-Nevada,2025-26,Nevada,Mountain West,,72,71,79,123,20-11,12-8,8-3,4-8,90,218,1-5,4-4,11-0,4-2,116.0,104.6,65.7,0.007,76.0,43.8,36.5,75.2,11.5,24.7,36.2,14.3,6.6,3.9,9.9,17.9
2025-26-American,2025-26,American,Patriot,,258,260,301,241,14-16,9-10,5-6,5-10,276,117,0-3,0-2,2-2,12-9,105.9,112.3,66.7,-0.024,74.6,44.9,33.3,75.1,9.7,22.1,31.8,13.4,7.7,1.5,10.6,18.6
2025-26-Tarleton St.,2025-26,Tarleton St.,WAC,,225,222,139,171,10-17,5-13,5-4,4-11,131,84,0-4,0-3,2-4,8-6,104.5,108.9,69.3,-0.041,74.5,45.0,32.2,74.5,11.1,21.8,32.9,11.2,10.3,3.1,14.3,20.1
2025-26-Mount St. Mary's,2025-26,Mount St. Mary's,MAAC,,280,280,307,243,14-17,11-10,3-7,7-11,295,144,0-3,0-0,1-7,13-7,99.8,109.4,67.5,0.028,68.1,43.8,32.5,67.1,10.9,26.2,37.1,13.6,6.1,3.0,15.2,17.9
2025-26-Miami (FL),2025-26,Miami (FL),ACC,,32,29,88,131,24-7,13-5,11-2,8-2,77,233,5-5,6-2,3-0,10-0,121.8,100.6,67.8,0.001,82.7,50.6,35.1,68.1,12.4,25.4,37.8,16.6,7.9,3.3,11.5,15.4
2025-26-Northern Ky.,2025-26,Northern Ky.,Horizon,,186,186,255,218,16-13,11-10,5-3,7-8,304,267,0-1,1-2,1-7,14-3,109.9,110.5,70.2,-0.022,83.1,46.7,34.2,71.4,11.9,23.5,35.4,15.8,8.6,3.5,11.8,18.4
2025-26-Auburn,2025-26,Auburn,SEC,,39,40,6,82,16-15,7-11,9-4,2-8,3,15,4-12,4-2,2-1,6-0,125.5,106.3,67.2,-0.046,83.4,46.0,34.0,74.6,13.3,23.0,36.3,12.9,7.6,4.2,10.2,17.3
2025-26-Alabama A&M,2025-26,Alabama A&M,SWAC,,308,308,355,269,14-14,10-8,4-6,4-8,345,200,0-2,0-1,0-2,14-9,105.1,117.3,65.5,0.053,72.2,43.9,34.3,74.6,9.4,24.7,34.1,11.5,5.9,2.9,11.4,18.1
2025-26-Campbell,2025-26,Campbell,CAA,,202,203,132,168,13-17,9-10,4-7,3-13,113,36,0-5,1-3,3-7,9-2,111.5,113.0,69.7,0.009,79.1,45.5,33.0,72.6,12.5,23.3,35.8,12.5,6.7,1.8,12.4,17.7
2025-26-Dartmouth,2025-26,Dartmouth,Ivy League,,265,258,189,194,9-16,5-9,4-7,6-8,188,244,0-2,0-3,4-4,5-7,105.1,114.4,69.5,0.0,75.8,44.1,36.1,74.5,8.8,26.5,35.3,13.9,5.0,3.7,12.2,16.0
2025-26-Gardner-Webb,2025-26,Gardner-Webb,Big South,,361,361,182,190,2-28,2-16,0-12,0-16,149,81,0-3,0-5,0-7,2-13,95.9,122.3,69.2,-0.001,68.1,42.8,30.9,68.4,8.5,22.2,30.7,10.2,6.3,2.5,13.6,17.6
2025-26-DePaul,2025-26,DePaul,Big East,,101,99,79,123,16-15,8-12,8-3,4-7,78,334,1-5,4-7,5-2,6-1,107.4,100.6,66.2,-0.014,70.3,43.5,32.5,69.2,10.3,23.0,33.3,15.0,6.9,3.4,12.0,18.0
2025-26-Jacksonville,2025-26,Jacksonville,ASUN,,298,297,265,223,10-20,7-12,3-8,3-14,214,74,0-3,0-2,0-6,10-9,103.4,114.8,63.4,-0.03,73.1,45.5,32.7,71.8,11.1,22.8,33.9,12.1,6.6,2.9,11.2,19.4
2025-26-Northern Ariz.,2025-26,Northern Ariz.,Big Sky,,314,310,169,186,7-22,4-15,3-7,1-13,215,187,0-2,0-2,2-10,5-8,105.5,119.9,63.8,0.031,71.3,46.5,36.7,68.1,7.9,21.8,29.8,13.3,6.9,2.7,10.5,17.4
2025-26-Southern Utah,2025-26,Southern Utah,WAC,,272,272,121,163,7-21,6-12,1-9,2-15,126,92,0-3,0-3,2-10,5-5,107.4,114.5,70.1,-0.046,76.7,46.3,34.9,72.2,10.4,25.3,35.7,14.1,5.6,4.2,14.2,16.6
2025-26-Navy,2025-26,Navy,Patriot,,126,129,361,277,24-6,18-1,6-5,10-4,352,270,0-1,0-3,1-0,23-2,107.8,105.9,65.1,0.053,74.7,47.6,36.0,73.5,10.5,26.2,36.6,16.3,7.7,3.2,11.3,14.3
2025-26-Kansas City,2025-26,Kansas City,Summit League,,358,358,204,199,1-27,1-16,0-11,1-15,186,88,0-3,0-4,0-5,1-15,92.4,117.5,69.8,-0.017,69.3,41.2,30.1,67.6,10.5,22.8,33.4,11.9,6.3,3.2,13.1,16.3
2025-26-Boise St.,2025-26,Boise St.,Mountain West,,56,60,41,100,19-10,12-8,7-2,6-5,76,53,2-6,6-3,8-1,3-0,117.2,104.0,65.7,0.028,78.2,45.3,34.2,78.6,10.8,25.3,36.1,13.0,4.6,2.2,11.7,17.1
2025-26-Maine,2025-26,Maine,America East,,339,339,350,265,7-24,6-11,1-13,4-14,354,314,0-1,0-1,0-8,7-14,91.9,112.2,64.7,-0.031,62.5,44.5,31.9,64.1,6.3,21.8,28.0,12.3,7.8,3.2,12.4,16.6
2025-26-Kansas St.,2025-26,Kansas St.,Big 12,,99,100,22,94,12-19,3-15,9-4,1-10,20,125,0-13,5-5,2-1,5-0,113.5,106.5,72.7,-0.074,79.6,45.9,36.4,71.0,10.4,23.6,34.0,16.8,7.0,3.5,12.9,19.3
2025-26-Wofford,2025-26,Wofford,SoCon,,245,241,299,239,17-13,11-8,6-5,9-7,315,263,0-1,1-2,2-4,14-6,109.5,116.8,67.8,0.073,78.8,45.4,34.9,70.4,11.0,23.8,34.8,14.1,5.8,3.1,9.4,17.3
2025-26-Army West Point,2025-26,Army West Point,Patriot,,335,335,324,249,9-21,5-14,4-7,5-10,326,228,0-1,0-2,1-6,8-12,100.4,118.9,67.1,0.044,72.2,41.2,32.4,71.5,11.8,23.7,35.5,15.0,5.8,1.6,11.9,18.8
2025-26-South Carolina,2025-26,South Carolina,SEC,,106,110,71,116,13-18,4-14,9-4,2-8,45,308,1-12,2-6,1-0,9-0,112.8,105.3,66.4,-0.062,74.9,43.4,31.1,78.1,9.3,23.3,32.6,13.3,5.5,2.4,9.9,17.6
2025-26-SMU,2025-26,SMU,ACC,,38,38,22,94,19-12,8-10,11-2,3-8,61,185,4-8,4-4,5-0,6-0,123.3,105.2,68.5,-0.043,84.2,49.0,37.4,74.1,12.3,25.4,37.7,16.9,7.1,3.6,11.3,17.0
2025-26-Austin Peay,2025-26,Austin Peay,ASUN,,164,158,304,242,20-9,16-4,4-5,9-7,324,178,0-1,0-3,2-3,18-2,108.3,108.6,69.4,0.033,81.6,46.8,35.9,74.3,10.7,24.8,35.5,16.2,9.2,2.4,10.8,16.9
2025-26-Marquette,2025-26,Marquette,Big East,,93,97,35,98,12-19,7-13,5-6,2-10,62,87,1-8,2-8,5-3,4-0,112.1,102.5,68.8,-0.111,75.2,43.8,31.7,67.5,11.1,23.1,34.2,15.5,9.3,3.1,11.4,17.0
